{
"type": "FeatureCollection",
"name": "AOI_Milan_Monza",
"crs": { "type": "name", "properties": { "name": "urn:ogc:def:crs:OGC:1.3:CRS84" } },
"features": [
{ "type": "Feature", "properties": { }, "geometry": { "type": "MultiPolygon", "coordinates": [ [ [ [ 9.473706221126072, 45.20044057966777 ], [ 9.473233706811852, 45.199722896559074 ], [ 9.473177575660101, 45.199637649814008 ], [ 9.473151433016643, 45.19956964021727 ], [ 9.473364670745962, 45.198817320823316 ], [ 9.473529103041329, 45.198509527507113 ], [ 9.473667288344489, 45.198037566920831 ], [ 9.473721790055198, 45.197806866208801 ], [ 9.473942322859086, 45.197759239178552 ], [ 9.47487919897589, 45.197569296723522 ], [ 9.475508089665057, 45.198182663335146 ], [ 9.476389754099566, 45.198648422450511 ], [ 9.476474601850787, 45.198617991408668 ], [ 9.476789318012527, 45.198505021973716 ], [ 9.477089770900431, 45.198335712535247 ], [ 9.477219725152601, 45.198054367820284 ], [ 9.477251328127998, 45.197841604105534 ], [ 9.477515540410524, 45.197486139415247 ], [ 9.477680735713378, 45.197272817825969 ], [ 9.477822310268655, 45.197101958224124 ], [ 9.478359324680737, 45.197024733966494 ], [ 9.478859252848238, 45.196904525135416 ], [ 9.479030586011712, 45.197423531178757 ], [ 9.479501506265724, 45.197823164814025 ], [ 9.479735256081053, 45.197822183189878 ], [ 9.480302386919345, 45.197748935235829 ], [ 9.480522120845073, 45.197591642973876 ], [ 9.481186351862117, 45.197255852280641 ], [ 9.48091431416516, 45.196574140835075 ], [ 9.479839107588161, 45.195799076324505 ], [ 9.479392764721027, 45.19498631946044 ], [ 9.479312075183339, 45.194713701093242 ], [ 9.479295669039594, 45.194657483711978 ], [ 9.479282968589786, 45.194587271259849 ], [ 9.479563599918698, 45.194512611205759 ], [ 9.48071778630368, 45.19420536299814 ], [ 9.48205312863027, 45.194119621975695 ], [ 9.482570187969955, 45.194086387313035 ], [ 9.483361732440445, 45.194034085624587 ], [ 9.48414249095118, 45.193497098525704 ], [ 9.484303617114675, 45.19324777076308 ], [ 9.484806783803759, 45.192310769658988 ], [ 9.485065329762824, 45.19210094759562 ], [ 9.485491760928106, 45.19180791510589 ], [ 9.486244469473007, 45.191581223281752 ], [ 9.487342770723766, 45.191463779525755 ], [ 9.489750999852975, 45.191206183485264 ], [ 9.491225587895322, 45.191261940254392 ], [ 9.491822104638411, 45.191246948067473 ], [ 9.491886350074372, 45.191343821435368 ], [ 9.491983424998075, 45.191501153193506 ], [ 9.492083014514385, 45.191637188786949 ], [ 9.492267393222061, 45.191752131718395 ], [ 9.492489785163766, 45.192444280040739 ], [ 9.492586971664798, 45.19338003695254 ], [ 9.492804479769967, 45.193505121343264 ], [ 9.493975977732294, 45.193536063289109 ], [ 9.495338240821937, 45.193638175384223 ], [ 9.49556095865497, 45.193907258776669 ], [ 9.495881323401694, 45.193928259777117 ], [ 9.496204209927898, 45.193679364990807 ], [ 9.496418595374957, 45.193444380363353 ], [ 9.496623877392146, 45.192863170367097 ], [ 9.496679515684088, 45.192705120952759 ], [ 9.496890020475028, 45.19247439204149 ], [ 9.497483370431777, 45.192146797256306 ], [ 9.497564035636012, 45.191855132572314 ], [ 9.497612522817741, 45.19166588719132 ], [ 9.49716148830421, 45.191037736759959 ], [ 9.49646540722352, 45.190386270850098 ], [ 9.496314425077824, 45.190240347266275 ], [ 9.496169423554006, 45.190129942225028 ], [ 9.495351382755052, 45.189507063578084 ], [ 9.495204433316129, 45.189395172375967 ], [ 9.495111894736828, 45.18932471455804 ], [ 9.49528279547958, 45.189154241530709 ], [ 9.495520122060848, 45.188905589857306 ], [ 9.495666098108224, 45.188744219711218 ], [ 9.496043805599562, 45.188405124020896 ], [ 9.496579162058714, 45.187864852881575 ], [ 9.496663270981465, 45.187940923597857 ], [ 9.496793748613312, 45.188058953502356 ], [ 9.49686379076948, 45.188122313742142 ], [ 9.49807453992506, 45.187259475230988 ], [ 9.498850275538507, 45.186706614575996 ], [ 9.499000945649636, 45.186599205997886 ], [ 9.498776249194371, 45.186490269474611 ], [ 9.498633081966409, 45.186420866420917 ], [ 9.498548725958164, 45.186379965796561 ], [ 9.498532593747369, 45.186315456695283 ], [ 9.498500433089163, 45.18618679269521 ], [ 9.498670081039064, 45.186137918548781 ], [ 9.499029384687988, 45.186085439512063 ], [ 9.49952862139329, 45.186012537491145 ], [ 9.500662506921248, 45.1858540747766 ], [ 9.501454218183785, 45.185743436905916 ], [ 9.501513474705952, 45.185823754846844 ], [ 9.5015427667696, 45.185863454848132 ], [ 9.501597875392477, 45.185938151434868 ], [ 9.501712819640453, 45.18609394642629 ], [ 9.501831316914329, 45.186543503004522 ], [ 9.501990090409302, 45.187226935652582 ], [ 9.502412995760187, 45.18763914931904 ], [ 9.503227963766657, 45.187671565130813 ], [ 9.50387403276884, 45.187317654736951 ], [ 9.504789230924859, 45.187169579113522 ], [ 9.505337045561349, 45.187221171718065 ], [ 9.505945957101325, 45.187074441632234 ], [ 9.506321809512928, 45.18707021861858 ], [ 9.506607834596633, 45.187067019373814 ], [ 9.506707824147563, 45.187077519980505 ], [ 9.50748403981471, 45.187159099339603 ], [ 9.509044522851442, 45.187256424210759 ], [ 9.510787268805903, 45.187135690755937 ], [ 9.514054414512447, 45.187199214800394 ], [ 9.515575172123366, 45.18697515662631 ], [ 9.51570779020585, 45.187080293747229 ], [ 9.515730564230036, 45.187040950991396 ], [ 9.515821105603854, 45.186884490690062 ], [ 9.515956456803291, 45.186650600172278 ], [ 9.516094299394222, 45.186383195045273 ], [ 9.516333741183933, 45.185916277314973 ], [ 9.516324716066681, 45.1857681314061 ], [ 9.516285033431773, 45.184755263127407 ], [ 9.516231728604303, 45.184150504067055 ], [ 9.516214025803036, 45.184110259448815 ], [ 9.516146372639671, 45.183495691236054 ], [ 9.516225170213982, 45.183374285562508 ], [ 9.516585743105496, 45.182818581807986 ], [ 9.51672705829175, 45.182703514583906 ], [ 9.516764921293348, 45.182672680084025 ], [ 9.517034449315032, 45.182453478307103 ], [ 9.517608402217499, 45.181985815063292 ], [ 9.517823404592285, 45.181756450805345 ], [ 9.518195924260525, 45.181362282415925 ], [ 9.518551437025, 45.180984973565685 ], [ 9.519730845047572, 45.180238866391697 ], [ 9.520116071081658, 45.180329252604594 ], [ 9.520208465448608, 45.180350929928053 ], [ 9.520453134804491, 45.180408336702051 ], [ 9.520504079900437, 45.18041690183707 ], [ 9.521003340128235, 45.180537405979408 ], [ 9.52111803387935, 45.180564316110967 ], [ 9.521268267520798, 45.180599546170022 ], [ 9.521311683981246, 45.180609746698657 ], [ 9.521345005086584, 45.180636033322678 ], [ 9.522298856086026, 45.181388364896058 ], [ 9.522352566712183, 45.181406794059107 ], [ 9.524111941412054, 45.182010173763821 ], [ 9.524455107882522, 45.181898428244033 ], [ 9.524663304806561, 45.18182761025831 ], [ 9.524698030636351, 45.181818957677052 ], [ 9.525980772625694, 45.181399167199601 ], [ 9.526559100100709, 45.180870992705451 ], [ 9.526592163238506, 45.180836017407977 ], [ 9.526759123300442, 45.180688251538889 ], [ 9.526823112290813, 45.179967456744457 ], [ 9.526832772272062, 45.179909308372174 ], [ 9.526851914476239, 45.179706672271578 ], [ 9.52639824983401, 45.178817605800276 ], [ 9.525242543626135, 45.177707178932678 ], [ 9.524973785801556, 45.177448943937129 ], [ 9.524934371562788, 45.177411072437053 ], [ 9.52385924303622, 45.176664386634918 ], [ 9.5237135058783, 45.176035067369064 ], [ 9.524902088861898, 45.175196835682094 ], [ 9.526399500691927, 45.174811873455944 ], [ 9.528332445531808, 45.174649917111424 ], [ 9.529247299994241, 45.174515989069171 ], [ 9.529287810371182, 45.174502840754727 ], [ 9.529312701948818, 45.174443455812415 ], [ 9.529326218960669, 45.174411048426599 ], [ 9.529409372163743, 45.174212888585636 ], [ 9.529341332799069, 45.173736118130066 ], [ 9.529207567646791, 45.173034612600738 ], [ 9.528744149484137, 45.172379652570136 ], [ 9.527795585916115, 45.17163689637345 ], [ 9.527103747837085, 45.171135998693579 ], [ 9.527032838086125, 45.171058439996621 ], [ 9.526888324688914, 45.170900377850892 ], [ 9.52644811096677, 45.170418879299675 ], [ 9.526552352519989, 45.169683085580303 ], [ 9.526574742799919, 45.16952520484778 ], [ 9.526579279528868, 45.169493313551619 ], [ 9.526619619705951, 45.169469747534748 ], [ 9.526792258971126, 45.169374138662711 ], [ 9.527883547277215, 45.168764970412248 ], [ 9.529087148277352, 45.168192295252815 ], [ 9.530212475492686, 45.167502943739059 ], [ 9.531189765876688, 45.166971816813962 ], [ 9.531364625757611, 45.166876482313207 ], [ 9.531803878670353, 45.166307317591809 ], [ 9.53183762736017, 45.165830083849528 ], [ 9.531788589952562, 45.165739505185428 ], [ 9.531701596968547, 45.165578812796674 ], [ 9.531578737626324, 45.165354214317759 ], [ 9.528877747306224, 45.165074207149623 ], [ 9.528710727843597, 45.165195074412921 ], [ 9.528514824805635, 45.1653400834427 ], [ 9.528523601632532, 45.165411301821727 ], [ 9.52735548334481, 45.164819405869423 ], [ 9.527326940408239, 45.164786083865138 ], [ 9.526741174242174, 45.164593473311349 ], [ 9.526525791090084, 45.164522458540823 ], [ 9.526293867948407, 45.164520799124062 ], [ 9.52536331835956, 45.164545804452295 ], [ 9.524434829878887, 45.164491686073191 ], [ 9.524218349219451, 45.164479068512414 ], [ 9.522106408409636, 45.164425731215957 ], [ 9.521857732827078, 45.164409427947014 ], [ 9.521721283192219, 45.164400483482069 ], [ 9.519419381800464, 45.164181438642068 ], [ 9.519354207991732, 45.164176535671814 ], [ 9.516952744710178, 45.163945097042287 ], [ 9.516487973385765, 45.163906697740387 ], [ 9.514156006063507, 45.16370117715941 ], [ 9.513231011340524, 45.163654800510074 ], [ 9.513085098584778, 45.163647471644445 ], [ 9.512559190057884, 45.163622825400736 ], [ 9.511208241219414, 45.163552355415973 ], [ 9.510877414789968, 45.163463816360007 ], [ 9.51011327731343, 45.163386226839464 ], [ 9.509201518314812, 45.163340779221087 ], [ 9.508548322364859, 45.16330768478376 ], [ 9.508325298138667, 45.163268176442124 ], [ 9.508266204500348, 45.163260827633458 ], [ 9.508011650807457, 45.16322909600926 ], [ 9.50766696436612, 45.163190107683135 ], [ 9.506659930564744, 45.163073073281609 ], [ 9.505434756043623, 45.162925470853153 ], [ 9.505309027427723, 45.162906597098988 ], [ 9.504879217280969, 45.162873928857152 ], [ 9.504838672581609, 45.162874108086257 ], [ 9.504353202625193, 45.162867771628953 ], [ 9.504064800690195, 45.162864031846787 ], [ 9.503827794802332, 45.162860579509726 ], [ 9.503463626466731, 45.162856528808398 ], [ 9.502664983093625, 45.162847652285187 ], [ 9.501116526800976, 45.162831947460553 ], [ 9.50095938949374, 45.162824554233161 ], [ 9.500475594234706, 45.162804485301891 ], [ 9.499557479441025, 45.162766396010717 ], [ 9.497880851357474, 45.162669620334611 ], [ 9.497128518875281, 45.162638198854523 ], [ 9.493290402096077, 45.162251387060223 ], [ 9.493057324887859, 45.16222789368738 ], [ 9.492245845921042, 45.162113519923807 ], [ 9.490849854843512, 45.161996862450557 ], [ 9.490340148282991, 45.161953988691522 ], [ 9.49002264147032, 45.161946133721543 ], [ 9.489906891411659, 45.16194325647561 ], [ 9.489799282090448, 45.161928505200642 ], [ 9.489130249617553, 45.161839957814692 ], [ 9.488034026015855, 45.161740551226877 ], [ 9.486071550125798, 45.161667955787237 ], [ 9.484264140378265, 45.161565754044915 ], [ 9.482687441433187, 45.161485682254359 ], [ 9.482417890383182, 45.161471990008081 ], [ 9.481750588170849, 45.161482586008553 ], [ 9.481442968051152, 45.161487469459736 ], [ 9.480153570144653, 45.161507929521939 ], [ 9.478273382471086, 45.16149846891043 ], [ 9.478236551748386, 45.16166080807735 ], [ 9.478147277783433, 45.162133819163707 ], [ 9.477735720560625, 45.163035717563957 ], [ 9.47755119133898, 45.163792612457861 ], [ 9.477506466341522, 45.164530929980913 ], [ 9.47730710707067, 45.165035856714702 ], [ 9.47750352605091, 45.16570115808782 ], [ 9.477967348606342, 45.16638783002093 ], [ 9.478295738252937, 45.166949062858563 ], [ 9.478267609228283, 45.166999167798394 ], [ 9.47750537119979, 45.167253915962462 ], [ 9.476816723398919, 45.167360325760647 ], [ 9.476207435982166, 45.167542888560391 ], [ 9.475867145785985, 45.167841372621254 ], [ 9.475280617451144, 45.16769978027267 ], [ 9.47475520125273, 45.167350902531268 ], [ 9.473703187510436, 45.166986216115397 ], [ 9.472330322320669, 45.167069968145846 ], [ 9.472205029708398, 45.167077618267093 ], [ 9.471091938092842, 45.167145550732556 ], [ 9.470884609965575, 45.16733328387955 ], [ 9.470704653352133, 45.167727748551059 ], [ 9.471079736268887, 45.168365314675782 ], [ 9.47129163523967, 45.168758172228344 ], [ 9.470960079365213, 45.169056737884212 ], [ 9.470813703396908, 45.169185579057952 ], [ 9.469961797880202, 45.169270092826579 ], [ 9.469529315327792, 45.169289883073965 ], [ 9.469018996005623, 45.169129951850032 ], [ 9.4690039866245, 45.168808695600646 ], [ 9.468995830342347, 45.168634949322495 ], [ 9.468986991543179, 45.16842795820353 ], [ 9.46897543187236, 45.168184954497484 ], [ 9.468725284189096, 45.168073868405763 ], [ 9.468423066605117, 45.167939691835464 ], [ 9.467992821222817, 45.167747921719439 ], [ 9.467660916710562, 45.167812292925284 ], [ 9.4671828694862, 45.167903071540543 ], [ 9.467181303548905, 45.168489374204043 ], [ 9.467529563312734, 45.168866000854791 ], [ 9.468117930603512, 45.169232664261415 ], [ 9.468169987583968, 45.169547510787538 ], [ 9.467471594402049, 45.169559367806031 ], [ 9.467125093908376, 45.169299741912212 ], [ 9.466740198621361, 45.169013264188472 ], [ 9.46618089772835, 45.168601474823667 ], [ 9.46583285369289, 45.168947080672467 ], [ 9.466096929951693, 45.169812534576813 ], [ 9.466217106458053, 45.170014573295973 ], [ 9.466638579117038, 45.170493477573118 ], [ 9.466054898875797, 45.170920718472743 ], [ 9.465729650090056, 45.171158764556182 ], [ 9.465159275341055, 45.171576166269091 ], [ 9.464130780360897, 45.171760372019911 ], [ 9.463949449856424, 45.171705118479096 ], [ 9.463518412949542, 45.171573841284285 ], [ 9.462626870131677, 45.170920756448638 ], [ 9.462333276450957, 45.171371598831307 ], [ 9.462376919236547, 45.172046539192614 ], [ 9.4626374425997, 45.172297531422764 ], [ 9.462806195215393, 45.172440930012044 ], [ 9.463280571748097, 45.172844020885357 ], [ 9.464142188694748, 45.173164576698916 ], [ 9.464869752376718, 45.173530691688548 ], [ 9.465194118723502, 45.173902942259481 ], [ 9.464860026913708, 45.174484902889269 ], [ 9.464429440906054, 45.175233780062428 ], [ 9.464238308607072, 45.175599114095633 ], [ 9.464495093602007, 45.176169672097146 ], [ 9.464682150300231, 45.176479470773401 ], [ 9.464316091634107, 45.177479200962189 ], [ 9.463458417120954, 45.178199252623344 ], [ 9.462852745707496, 45.178255706102739 ], [ 9.462552726398391, 45.178238929102861 ], [ 9.461432162857941, 45.178270469596008 ], [ 9.461043271338085, 45.178281035497754 ], [ 9.460441497430608, 45.178229448801389 ], [ 9.459369760832226, 45.177801698122678 ], [ 9.459079131856287, 45.17677668697231 ], [ 9.458504779811699, 45.17627490187806 ], [ 9.457603312388628, 45.17604446367838 ], [ 9.45656092864704, 45.176597746876027 ], [ 9.455920729315601, 45.177509604027208 ], [ 9.455899851582013, 45.177784096282892 ], [ 9.455679850547245, 45.178506557051684 ], [ 9.455018956402428, 45.179241356148594 ], [ 9.454637121709471, 45.179455131051945 ], [ 9.454676952962849, 45.179746811190249 ], [ 9.45521496114783, 45.179735436874296 ], [ 9.455985306223116, 45.179719083703219 ], [ 9.456339237983643, 45.17971317194182 ], [ 9.456513381668106, 45.180104040288882 ], [ 9.456900574854892, 45.18097114056814 ], [ 9.457233741860803, 45.181649441056841 ], [ 9.45734137900471, 45.181871220985414 ], [ 9.457361870481181, 45.18275751150167 ], [ 9.457000139881858, 45.183097619175015 ], [ 9.45682976597025, 45.183257834126877 ], [ 9.455889765170889, 45.183365509621218 ], [ 9.455649478922739, 45.183393071963415 ], [ 9.454429880879777, 45.183784997095827 ], [ 9.453893150751217, 45.183917653387716 ], [ 9.452901952802387, 45.184324084829676 ], [ 9.452895915225193, 45.184364979802872 ], [ 9.451452252538383, 45.184899490332967 ], [ 9.450646479535548, 45.185217730736497 ], [ 9.450065611194972, 45.18550807086892 ], [ 9.449296134823978, 45.185889170110023 ], [ 9.44806775178469, 45.186492605471877 ], [ 9.447005791578013, 45.187018852535992 ], [ 9.446484966197085, 45.187036368122563 ], [ 9.445649637633251, 45.187064573287827 ], [ 9.445203511491355, 45.18708440199957 ], [ 9.443549674587747, 45.18638871404567 ], [ 9.441931003303011, 45.185710876461812 ], [ 9.441501651296292, 45.185532525937418 ], [ 9.441108417107756, 45.185507014386133 ], [ 9.439986108358745, 45.185430363935723 ], [ 9.439604826554746, 45.185581610370107 ], [ 9.439679663569038, 45.185830183275179 ], [ 9.439726222779674, 45.185984930248026 ], [ 9.439868003842214, 45.186420451316948 ], [ 9.439559175812061, 45.186710206576883 ], [ 9.439190206190624, 45.187044676542925 ], [ 9.438814483279515, 45.187394411007446 ], [ 9.438549541225921, 45.187635603890861 ], [ 9.438984267816613, 45.188184239476335 ], [ 9.439498276882851, 45.188812377637404 ], [ 9.44022932635175, 45.189520681778326 ], [ 9.441070967809269, 45.18981449813748 ], [ 9.441974904642079, 45.189828996958447 ], [ 9.443857108145002, 45.189596658677374 ], [ 9.446285770902785, 45.189245146751773 ], [ 9.447581745475931, 45.189033030566137 ], [ 9.448156766006688, 45.188912565340864 ], [ 9.44875250633358, 45.188787653617496 ], [ 9.448977586298128, 45.188469463356185 ], [ 9.449380737086786, 45.188154976612971 ], [ 9.450198383980343, 45.188311626340059 ], [ 9.451449197353337, 45.18872975835869 ], [ 9.451665334650681, 45.188810567486541 ], [ 9.451973447111731, 45.18892570543774 ], [ 9.452389218466728, 45.189396016514912 ], [ 9.452717581344544, 45.189767453009367 ], [ 9.45286434152, 45.189918346963822 ], [ 9.452883458712968, 45.189826756107905 ], [ 9.452895786145408, 45.189269887191188 ], [ 9.453149814936539, 45.189384633305821 ], [ 9.453571093607392, 45.189535991403176 ], [ 9.453561731751662, 45.189959097904492 ], [ 9.453436933215967, 45.190274651316258 ], [ 9.453324775785463, 45.19039955214928 ], [ 9.4531321830196, 45.190461162932529 ], [ 9.452884101089849, 45.190727363673389 ], [ 9.452488523561652, 45.190749300485585 ], [ 9.451236561801023, 45.190818944884427 ], [ 9.450083121836931, 45.190555117253837 ], [ 9.449581827660971, 45.190843482034701 ], [ 9.449776099629531, 45.191265786348367 ], [ 9.450187712486011, 45.191804261225101 ], [ 9.450648712602217, 45.192144507574 ], [ 9.451403468006918, 45.192609596105662 ], [ 9.452882589058419, 45.194111498686972 ], [ 9.452882573391635, 45.194076619266809 ], [ 9.452895355919656, 45.193323131922625 ], [ 9.453092418375125, 45.193381554876908 ], [ 9.453347365634448, 45.193425544075282 ], [ 9.453666767419568, 45.193568309841226 ], [ 9.453947856446629, 45.193693197649722 ], [ 9.454103302625995, 45.193729192889982 ], [ 9.45452180465824, 45.19382597347299 ], [ 9.455065979209003, 45.19381929940252 ], [ 9.455677316613276, 45.193551312253391 ], [ 9.456272353090164, 45.193134863768755 ], [ 9.457604830750764, 45.192607447534421 ], [ 9.457627704374806, 45.192283302823206 ], [ 9.457662435638078, 45.19185107937389 ], [ 9.458180089625275, 45.191317923256435 ], [ 9.458328502433631, 45.190777231095765 ], [ 9.458235591077056, 45.190300519488929 ], [ 9.458455378723254, 45.190002868178226 ], [ 9.459047162616187, 45.190009211001879 ], [ 9.459280069079048, 45.190079672842494 ], [ 9.460140313246994, 45.192142384060169 ], [ 9.459450180680362, 45.192636039924963 ], [ 9.458641381887025, 45.193377416646925 ], [ 9.457591211783294, 45.194083751991599 ], [ 9.456818233045841, 45.194536922037592 ], [ 9.457011157095444, 45.194779200265344 ], [ 9.457610138744981, 45.194857805640268 ], [ 9.458538749697704, 45.194863096266332 ], [ 9.459631911332512, 45.19465165674081 ], [ 9.460205449205697, 45.19473036890362 ], [ 9.460310770180635, 45.195162010524712 ], [ 9.460188174294956, 45.195747599917787 ], [ 9.460192888430395, 45.195837599810254 ], [ 9.460196462760456, 45.195903861624927 ], [ 9.460236600954225, 45.196638435345108 ], [ 9.460247739275117, 45.19683642243772 ], [ 9.46050872451541, 45.197167851424766 ], [ 9.460749432176868, 45.19747353056551 ], [ 9.461170307111548, 45.197561850737905 ], [ 9.462021619632635, 45.197450398734183 ], [ 9.462265107191119, 45.197647444523838 ], [ 9.462613455757225, 45.198213136713136 ], [ 9.463262234403029, 45.198147494745228 ], [ 9.464418088047342, 45.197809732602188 ], [ 9.466286071290806, 45.197469071534819 ], [ 9.467201300872249, 45.19715926998029 ], [ 9.468114292729007, 45.196844991941319 ], [ 9.46892877914488, 45.196900162985088 ], [ 9.469259999317433, 45.196925792107493 ], [ 9.469109281121622, 45.197178456543305 ], [ 9.468792407854378, 45.197350799157576 ], [ 9.468514835364072, 45.197558965433181 ], [ 9.468326973568212, 45.197937804691065 ], [ 9.468023408927561, 45.198182080090589 ], [ 9.467657448108188, 45.198579658335149 ], [ 9.467332381703974, 45.199310117847837 ], [ 9.467502692598689, 45.199894515755368 ], [ 9.467620904664448, 45.200335112593542 ], [ 9.467954062782155, 45.20059478935169 ], [ 9.468525976469282, 45.200565437969274 ], [ 9.469188709590268, 45.200643738996291 ], [ 9.470036758778518, 45.201015081721984 ], [ 9.470221807082002, 45.20109723202826 ], [ 9.470313486781825, 45.201141029932472 ], [ 9.470670418299868, 45.201312373349481 ], [ 9.470751587301496, 45.20134976186155 ], [ 9.471102443020481, 45.201511246098036 ], [ 9.471553096903186, 45.201718696237904 ], [ 9.473047394018213, 45.202369637806022 ], [ 9.473590536478389, 45.202340581871653 ], [ 9.473922844748991, 45.20199693614348 ], [ 9.474186334373339, 45.201527774080326 ], [ 9.474246570512829, 45.201113450806183 ], [ 9.473706221126072, 45.20044057966777 ] ] ], [ [ [ 8.944283072443961, 45.640924142387107 ], [ 8.945040819566449, 45.640240434618697 ], [ 8.946708327989336, 45.640844284030031 ], [ 8.948108240023961, 45.639485808472003 ], [ 8.947377250160132, 45.639062439182801 ], [ 8.947749795538904, 45.638585563425828 ], [ 8.948378428495596, 45.638693852101795 ], [ 8.950639204516637, 45.635868589872807 ], [ 8.950344501358165, 45.635400410663735 ], [ 8.951359038106926, 45.634311744523771 ], [ 8.953021063660078, 45.633205326410412 ], [ 8.953714314546371, 45.633178622811869 ], [ 8.954509777369429, 45.63315193594967 ], [ 8.955497237289441, 45.633224327775999 ], [ 8.956510691176797, 45.633478692657832 ], [ 8.95657472512141, 45.63349476026368 ], [ 8.95734490825151, 45.632991016633596 ], [ 8.958781187310601, 45.633342577244562 ], [ 8.959371644090444, 45.632955753480182 ], [ 8.959397542987212, 45.632640730293033 ], [ 8.959346585316133, 45.632145654929275 ], [ 8.9582304990921, 45.632001247391337 ], [ 8.957371209384334, 45.631640882100612 ], [ 8.956229831848002, 45.631028394607945 ], [ 8.953883196305272, 45.630127386626228 ], [ 8.954319803162273, 45.629632523479387 ], [ 8.953473324489432, 45.629326144828319 ], [ 8.953627389161731, 45.628696159361041 ], [ 8.954026260723596, 45.62726517759404 ], [ 8.954553277588413, 45.62546521841297 ], [ 8.955335622902895, 45.625708539656188 ], [ 8.955874492509428, 45.625069687915335 ], [ 8.956579729181225, 45.625483998556142 ], [ 8.957002663810304, 45.625988211876475 ], [ 8.958182150145031, 45.626951740816402 ], [ 8.958631475549588, 45.626510858582947 ], [ 8.960593559046879, 45.627447636841943 ], [ 8.96529960465362, 45.630113433644773 ], [ 8.965377070962996, 45.629285375147006 ], [ 8.965915811395814, 45.628772488554155 ], [ 8.966980626446052, 45.628727786717619 ], [ 8.967186195602274, 45.628223810836168 ], [ 8.966981250040474, 45.627665687625246 ], [ 8.967301905452656, 45.627089724568691 ], [ 8.967969084714547, 45.626936894088061 ], [ 8.967866592544016, 45.626666848055777 ], [ 8.967546147516076, 45.626207718758309 ], [ 8.968251541320305, 45.625775866624416 ], [ 8.96832864044236, 45.625559862840433 ], [ 8.968367321393272, 45.625217853242773 ], [ 8.968957528864285, 45.625010984573329 ], [ 8.969265712575844, 45.62445302232512 ], [ 8.969478315349726, 45.624118710640666 ], [ 8.969524381173001, 45.624046278878389 ], [ 8.969588552260841, 45.623945185725496 ], [ 8.973397748176723, 45.617955423651928 ], [ 8.973852415572514, 45.617992344302451 ], [ 8.974064704547953, 45.618009567404549 ], [ 8.975899440497598, 45.614859667699882 ], [ 8.977374130894244, 45.615499033377276 ], [ 8.978207741223031, 45.614644105745008 ], [ 8.9777461924779, 45.614211982649621 ], [ 8.976848646816194, 45.613599746516492 ], [ 8.975976677955778, 45.613230520976174 ], [ 8.975143420508246, 45.613257348284534 ], [ 8.97419416921101, 45.613563137910575 ], [ 8.972955970396475, 45.612777325421142 ], [ 8.972892848102326, 45.612737072581616 ], [ 8.972806614041826, 45.61268221555509 ], [ 8.972743603353434, 45.612642350600254 ], [ 8.972463298402179, 45.612464645881218 ], [ 8.972758436042138, 45.61216769312859 ], [ 8.969655991551358, 45.609889688126387 ], [ 8.969989546353281, 45.609655739523767 ], [ 8.969322923550481, 45.609178513245844 ], [ 8.968989440640557, 45.609277450901963 ], [ 8.967259108598757, 45.608277847643933 ], [ 8.968593122044668, 45.607049615614748 ], [ 8.968259881481977, 45.606743484351753 ], [ 8.968538186571987, 45.606473639437795 ], [ 8.970709680971963, 45.604367916307254 ], [ 8.969953403420435, 45.603836677015515 ], [ 8.970505143020555, 45.603179746249133 ], [ 8.970838424049608, 45.602630779667727 ], [ 8.97047976655525, 45.601892613995524 ], [ 8.970403232206577, 45.601109505761691 ], [ 8.970250056655455, 45.599813343330162 ], [ 8.969848239100813, 45.598709823316973 ], [ 8.969686288939998, 45.598265017741532 ], [ 8.969455831993821, 45.597643901291164 ], [ 8.969187182002347, 45.59652771277198 ], [ 8.968982360033557, 45.595969608975167 ], [ 8.969162161807928, 45.595420604813498 ], [ 8.969264610426317, 45.595323093251139 ], [ 8.969787359259421, 45.594825591626147 ], [ 8.969918571927897, 45.594700706071876 ], [ 8.970751960559374, 45.593899841885104 ], [ 8.971202105957113, 45.593508420495162 ], [ 8.971239380990939, 45.593476926428444 ], [ 8.970290922733684, 45.592927629729672 ], [ 8.970436110815855, 45.592602719994787 ], [ 8.970556218856249, 45.592333941867651 ], [ 8.970623830675834, 45.592182700342278 ], [ 8.970894248696567, 45.591577700489339 ], [ 8.971035204237015, 45.590938670434831 ], [ 8.971420057976809, 45.590434710902414 ], [ 8.972215182773366, 45.589903844869966 ], [ 8.972984244692189, 45.58932797022284 ], [ 8.973663958440424, 45.58877907456305 ], [ 8.973997011169912, 45.588473111612458 ], [ 8.972677380208456, 45.587689731339722 ], [ 8.97439530575088, 45.586547006178343 ], [ 8.974747997620293, 45.586734553881989 ], [ 8.975705134871509, 45.587243541057248 ], [ 8.976765954443453, 45.587807654404884 ], [ 8.976278970154134, 45.5883476132013 ], [ 8.977650093254802, 45.58881592614361 ], [ 8.978252813976455, 45.58830298932596 ], [ 8.978989386334314, 45.588669960047405 ], [ 8.979337277637613, 45.588843278257819 ], [ 8.980535516208189, 45.58944027174774 ], [ 8.980841050288371, 45.589621992259403 ], [ 8.981158989762903, 45.589811451248792 ], [ 8.981392583740119, 45.589950624192149 ], [ 8.983533251843413, 45.591058094685458 ], [ 8.988968804662015, 45.58626127144305 ], [ 8.991570680374094, 45.583795238554188 ], [ 8.991813295172477, 45.583620508021887 ], [ 8.992159943395984, 45.583381184852804 ], [ 8.992647978074636, 45.582922648549165 ], [ 8.99855583458924, 45.577314889223047 ], [ 9.002092790262626, 45.574168986351808 ], [ 9.002541339190474, 45.573700927883493 ], [ 9.004425016603202, 45.574690976156425 ], [ 9.002874685793888, 45.5762391824818 ], [ 9.003900122455416, 45.57725626308163 ], [ 9.003220853206042, 45.577994361004031 ], [ 9.003318405399309, 45.578062045823643 ], [ 9.003505628692565, 45.578191941937334 ], [ 9.003706137420989, 45.578329853611997 ], [ 9.003862523444459, 45.578439560862087 ], [ 9.003902710847694, 45.578467437429097 ], [ 9.00587383568538, 45.579834945904274 ], [ 9.007294836719861, 45.580613015607277 ], [ 9.007386039557003, 45.580662947339711 ], [ 9.00955244046308, 45.581760914103171 ], [ 9.010816738986401, 45.580742013399011 ], [ 9.010986857607548, 45.580604907312022 ], [ 9.011077150003866, 45.580532129941851 ], [ 9.011141185910938, 45.580181086182918 ], [ 9.010661547990233, 45.579926982163748 ], [ 9.00947508494207, 45.579308133201764 ], [ 9.009906419977007, 45.578789415177333 ], [ 9.01000803155285, 45.578688951436689 ], [ 9.010052016106748, 45.578637410485101 ], [ 9.010102640121518, 45.578579009258405 ], [ 9.010665045413061, 45.578854241460846 ], [ 9.011160209455554, 45.579096557174239 ], [ 9.01122947382504, 45.579130091752049 ], [ 9.011558388210716, 45.57929929954296 ], [ 9.012112746643801, 45.579562306526526 ], [ 9.013101857745609, 45.580045868407673 ], [ 9.014204419300198, 45.580882821409887 ], [ 9.014448007787328, 45.581098817742749 ], [ 9.014281588186895, 45.581980939120022 ], [ 9.014852227696325, 45.582248041408647 ], [ 9.015665752187198, 45.582628838183659 ], [ 9.016485880059685, 45.581782624647943 ], [ 9.018703171878212, 45.582178335511358 ], [ 9.018716943071805, 45.582619383414936 ], [ 9.018729065567744, 45.582997405620844 ], [ 9.019918822221838, 45.582961729609274 ], [ 9.021446558560012, 45.582915928634229 ], [ 9.021348700484145, 45.583636013774154 ], [ 9.021318725810547, 45.583861041750332 ], [ 9.02142154620085, 45.584518099295572 ], [ 9.022844010281952, 45.584526819305623 ], [ 9.02415155983538, 45.58458056266651 ], [ 9.0244848869343, 45.584688495630402 ], [ 9.024451743954959, 45.584828155068514 ], [ 9.024111086565172, 45.586263174145678 ], [ 9.023615166056773, 45.588352068124735 ], [ 9.02566617478926, 45.58846861797597 ], [ 9.026665888029127, 45.588522386867588 ], [ 9.026933578295203, 45.586155078834601 ], [ 9.029741035446458, 45.586244395126762 ], [ 9.029741230320582, 45.586613423430364 ], [ 9.031022780230925, 45.586694099687072 ], [ 9.030932627944786, 45.585938039308822 ], [ 9.033072955869908, 45.585811425719434 ], [ 9.033149278791107, 45.584794312120252 ], [ 9.032110981619963, 45.584857614801329 ], [ 9.032392459433977, 45.583930439314514 ], [ 9.033971113176884, 45.583938706348931 ], [ 9.034192200757238, 45.58284869084622 ], [ 9.034804896507493, 45.582396562660499 ], [ 9.037348732417255, 45.58241727981126 ], [ 9.037368049680856, 45.583319479285869 ], [ 9.037364920540282, 45.583719303986442 ], [ 9.038159225156976, 45.583731485311617 ], [ 9.039617665000719, 45.583753855884915 ], [ 9.040393626787527, 45.583765749002815 ], [ 9.040441803002208, 45.582668982120396 ], [ 9.039612540155682, 45.582622061509618 ], [ 9.039803104082976, 45.58096147793259 ], [ 9.040516174435124, 45.580975852994399 ], [ 9.042247998169673, 45.580951318974407 ], [ 9.042274082337276, 45.580646438888174 ], [ 9.045896956255248, 45.580695056687652 ], [ 9.045874600404954, 45.577904412256672 ], [ 9.046001349814121, 45.577333978801668 ], [ 9.049547160916003, 45.577469313142331 ], [ 9.0495051157089, 45.577726764840918 ], [ 9.050434720255565, 45.577801677786546 ], [ 9.050134787409993, 45.580152219445679 ], [ 9.050813095387513, 45.58020037307832 ], [ 9.050829019143118, 45.580593935991473 ], [ 9.056792245955791, 45.581050292786166 ], [ 9.05681382932533, 45.581083572280278 ], [ 9.057595554780363, 45.581148574049813 ], [ 9.05774561061229, 45.581150194087122 ], [ 9.057711180120171, 45.581334396395889 ], [ 9.05770641048424, 45.581395713664982 ], [ 9.058690594133029, 45.582028691405647 ], [ 9.06016168026917, 45.581256319365608 ], [ 9.060622039931475, 45.581106919404618 ], [ 9.060821313689649, 45.58104224925674 ], [ 9.060973465012479, 45.580992875030894 ], [ 9.062071697193488, 45.580636485440195 ], [ 9.062177315704355, 45.580602220571556 ], [ 9.06259748846003, 45.580465902162338 ], [ 9.062866609488704, 45.580378552608103 ], [ 9.062987017384827, 45.580339453408769 ], [ 9.062981169155918, 45.580372091590064 ], [ 9.06299468642211, 45.580441520617072 ], [ 9.063041975893084, 45.580684456046527 ], [ 9.063282148967243, 45.581918274020666 ], [ 9.06443253641895, 45.582008669847021 ], [ 9.064034610783082, 45.583624552336708 ], [ 9.063950719981449, 45.586293388122911 ], [ 9.063969741879413, 45.586767957837132 ], [ 9.064131520979684, 45.58677195718537 ], [ 9.063905023924372, 45.587619407440911 ], [ 9.063835398281066, 45.58786839144063 ], [ 9.064947615989192, 45.58786114609719 ], [ 9.06474978896472, 45.588608916239636 ], [ 9.064072595293812, 45.588631192083355 ], [ 9.063614762028198, 45.588646116871473 ], [ 9.063724017805784, 45.588901022672395 ], [ 9.063845256441832, 45.589175451119232 ], [ 9.064242192903645, 45.589201113651804 ], [ 9.064553715413322, 45.589223436028206 ], [ 9.064513931761214, 45.589562997610059 ], [ 9.064506179662715, 45.58965940803364 ], [ 9.064480828018606, 45.589893445482026 ], [ 9.065385901574583, 45.590079949177799 ], [ 9.065423833469927, 45.590878514426215 ], [ 9.065453132682517, 45.591589577764168 ], [ 9.065454911104448, 45.591638293707831 ], [ 9.065459499435825, 45.591740744855244 ], [ 9.065461670873306, 45.591792265280951 ], [ 9.065470260547421, 45.591888113705991 ], [ 9.065470201534763, 45.592012682044583 ], [ 9.065481311409799, 45.592060794970244 ], [ 9.065496807662258, 45.592647148355653 ], [ 9.065127489671164, 45.592671826888989 ], [ 9.064706663228959, 45.592700337233026 ], [ 9.064610470138666, 45.592706862488747 ], [ 9.064571148637292, 45.592739089359846 ], [ 9.064582694619107, 45.592802452495803 ], [ 9.064625290789586, 45.593036265093339 ], [ 9.064737232913995, 45.593544368700293 ], [ 9.064771374983179, 45.594050251641498 ], [ 9.064820888110066, 45.595068767048566 ], [ 9.066051430554168, 45.59517606591708 ], [ 9.066037099219319, 45.595517414952255 ], [ 9.066026498696001, 45.59577014892011 ], [ 9.06591150372436, 45.596047834475435 ], [ 9.06578398757852, 45.596355350970491 ], [ 9.065579407341881, 45.59685052805407 ], [ 9.065233719217776, 45.597264770254668 ], [ 9.064250549684573, 45.597453241834607 ], [ 9.06320873118209, 45.597652946334257 ], [ 9.06325095071732, 45.598445765342682 ], [ 9.063287358983555, 45.599138087015668 ], [ 9.063018603650701, 45.599219252496958 ], [ 9.0629424374364, 45.59991235270801 ], [ 9.0625321333647, 45.599921591614589 ], [ 9.062390412493814, 45.599309609789167 ], [ 9.061377496340489, 45.599337146122764 ], [ 9.061698908660874, 45.600120062567797 ], [ 9.060378647913081, 45.600165763874024 ], [ 9.06094402036382, 45.601272583756042 ], [ 9.061047609514905, 45.60220861722113 ], [ 9.060849321443998, 45.603181775024083 ], [ 9.060831184462971, 45.603270837603958 ], [ 9.060652822834037, 45.604351045417808 ], [ 9.06087250453198, 45.605539044870646 ], [ 9.061014712554211, 45.606601071519719 ], [ 9.061323696437702, 45.607690030189076 ], [ 9.061234611403842, 45.608347124104789 ], [ 9.059298302716636, 45.60810511414288 ], [ 9.059247833940727, 45.608888227802645 ], [ 9.058120283617354, 45.609473860604737 ], [ 9.058112865233991, 45.60951670175929 ], [ 9.058054205109118, 45.609855648413365 ], [ 9.058093050790228, 45.611967297144119 ], [ 9.061003621828364, 45.611958535130952 ], [ 9.060953144140738, 45.611502270161353 ], [ 9.061126664769917, 45.611437659471086 ], [ 9.06118264787932, 45.612392427795342 ], [ 9.061086567367369, 45.612440701843411 ], [ 9.061128278252754, 45.612922907627976 ], [ 9.059768423362126, 45.612846463762729 ], [ 9.057680677142343, 45.612837896024345 ], [ 9.057309357320074, 45.612872820295536 ], [ 9.057062613324277, 45.612896044765399 ], [ 9.056238513718114, 45.612896453425144 ], [ 9.054518628008763, 45.612915405169744 ], [ 9.054533951848585, 45.613598326529861 ], [ 9.05454247789644, 45.613979005278701 ], [ 9.054544188108112, 45.614297109917608 ], [ 9.054544669386406, 45.614392692627028 ], [ 9.054220884781548, 45.614411593048153 ], [ 9.053012157559595, 45.614431442182116 ], [ 9.053177699128002, 45.61516434983929 ], [ 9.053261452739189, 45.616591677348815 ], [ 9.053261763163228, 45.616919578247959 ], [ 9.055047385738519, 45.616841586449134 ], [ 9.055150229717652, 45.617139064170004 ], [ 9.055151154380317, 45.617208291832767 ], [ 9.055152249274935, 45.61729023505476 ], [ 9.055158226605158, 45.617732667555238 ], [ 9.054742895632577, 45.617732867330872 ], [ 9.054765764104225, 45.618368121744012 ], [ 9.054002135489176, 45.618342420317887 ], [ 9.054045896598554, 45.619186833442882 ], [ 9.0535948784447, 45.619187041421597 ], [ 9.052671368814666, 45.619262833170083 ], [ 9.052740139148259, 45.620633060446018 ], [ 9.05278591752753, 45.621545807044626 ], [ 9.05286040634868, 45.621532684330674 ], [ 9.0528626867158, 45.621582833831738 ], [ 9.052875033512599, 45.62167341001058 ], [ 9.052878681974564, 45.621713364408706 ], [ 9.052883691513513, 45.621762961786771 ], [ 9.052888549610717, 45.621811101981635 ], [ 9.052438074689638, 45.62184832511965 ], [ 9.052479145353805, 45.622055815794944 ], [ 9.052479267339853, 45.622186566129784 ], [ 9.052498078092796, 45.622389179497752 ], [ 9.052787369033696, 45.622392691573978 ], [ 9.052870511028944, 45.622389003244592 ], [ 9.052908169248791, 45.622820428850162 ], [ 9.052924460715021, 45.623190296076181 ], [ 9.052800618536978, 45.623189321873099 ], [ 9.052525515870736, 45.623196581934948 ], [ 9.052454589328354, 45.623198420111827 ], [ 9.05222906499618, 45.623211851132417 ], [ 9.052239753329353, 45.623376515754011 ], [ 9.052270088565743, 45.623961977024244 ], [ 9.052421285810954, 45.623968968082735 ], [ 9.052482522773072, 45.624754477111239 ], [ 9.052543032424516, 45.624789823884846 ], [ 9.052634417568477, 45.62550455168121 ], [ 9.053088092580019, 45.625490221990312 ], [ 9.053098648618885, 45.625957310798128 ], [ 9.052776058580482, 45.625964539515671 ], [ 9.052050281028958, 45.626014403747433 ], [ 9.052050922885256, 45.626707937257898 ], [ 9.052171920370034, 45.626722039636164 ], [ 9.052243121060293, 45.627457975718606 ], [ 9.053069790673169, 45.627422220120408 ], [ 9.053040058186403, 45.627960076619338 ], [ 9.051759792214487, 45.628045587646866 ], [ 9.051780524506921, 45.628647109679775 ], [ 9.051213818947508, 45.628691458 ], [ 9.05134286552558, 45.629256376854755 ], [ 9.051414796462744, 45.629278281574422 ], [ 9.051670306115602, 45.629390224288308 ], [ 9.051660288810035, 45.629468074269717 ], [ 9.052376133786948, 45.629510202113813 ], [ 9.052376265609251, 45.629651736287819 ], [ 9.052395927142552, 45.629859143812219 ], [ 9.052427142194317, 45.630488284579812 ], [ 9.052034319080507, 45.630522367074853 ], [ 9.050542252600982, 45.63050183613619 ], [ 9.050512483462896, 45.631110423696825 ], [ 9.051097325739935, 45.631138494933516 ], [ 9.051561098943415, 45.631166600780446 ], [ 9.05151096525076, 45.63333486197093 ], [ 9.051805152663079, 45.633431081144508 ], [ 9.05295408961693, 45.633373907946158 ], [ 9.054144069845636, 45.633359179111714 ], [ 9.054185362505667, 45.634265010724683 ], [ 9.054407146276748, 45.6342507666674 ], [ 9.055516221616879, 45.634264371748372 ], [ 9.055727582592009, 45.634261314739426 ], [ 9.056014734534894, 45.634257206699424 ], [ 9.056021363667847, 45.635240754954459 ], [ 9.05663401655101, 45.635570472571871 ], [ 9.057151198008929, 45.635848790822699 ], [ 9.057272900691132, 45.636598821558906 ], [ 9.061705920966414, 45.636848143776952 ], [ 9.061656412742222, 45.638180271291098 ], [ 9.0624516016259, 45.638242845785442 ], [ 9.062545043664134, 45.641123066678929 ], [ 9.058388355858378, 45.641116271208169 ], [ 9.058376709543081, 45.642250374913679 ], [ 9.057850595753761, 45.642259656049298 ], [ 9.057813525712758, 45.643240755087781 ], [ 9.05737728491153, 45.643303981378949 ], [ 9.057302519984486, 45.645086191402953 ], [ 9.056866273387419, 45.645158412130534 ], [ 9.05686712946035, 45.646004500410399 ], [ 9.054774499699768, 45.645105422445567 ], [ 9.055738869854354, 45.646500070183691 ], [ 9.055756501515605, 45.647468003403858 ], [ 9.055537641452483, 45.647496011905091 ], [ 9.055552471243796, 45.648379809528194 ], [ 9.055558760544248, 45.648724724583985 ], [ 9.055857298045023, 45.648794388193913 ], [ 9.055898367448595, 45.650035029565281 ], [ 9.055319242500106, 45.650001716502125 ], [ 9.054396099987473, 45.650095671006085 ], [ 9.054357571315894, 45.650099471521941 ], [ 9.053984643228084, 45.65013738191751 ], [ 9.052778769874298, 45.650236952549115 ], [ 9.052769786071247, 45.650327061087886 ], [ 9.05255613510659, 45.652469208143671 ], [ 9.052448584973298, 45.653549400806291 ], [ 9.052513353544418, 45.654197425394081 ], [ 9.052719875717862, 45.655007417677496 ], [ 9.052721277751637, 45.656501541246783 ], [ 9.052888982766431, 45.657446519099153 ], [ 9.055235280605798, 45.657477098229151 ], [ 9.055651564689144, 45.657717545704244 ], [ 9.056503580498934, 45.657717166195162 ], [ 9.056865027960523, 45.657716986858709 ], [ 9.05783682704946, 45.657556052819643 ], [ 9.058580140326134, 45.657575730774361 ], [ 9.058795450335882, 45.657583041400734 ], [ 9.060895823447847, 45.657654743024345 ], [ 9.060525452189793, 45.658838307840604 ], [ 9.059954681104612, 45.659761232680452 ], [ 9.05964713105165, 45.659927404147247 ], [ 9.059583233728793, 45.659962003579501 ], [ 9.059354782188825, 45.660202810593574 ], [ 9.05924058762632, 45.660403406817423 ], [ 9.060126940446642, 45.660443095807423 ], [ 9.061098996736851, 45.66048269161432 ], [ 9.062414231377906, 45.660602316140682 ], [ 9.063405780056366, 45.660699921153011 ], [ 9.063300972462152, 45.661083155785064 ], [ 9.062987087817767, 45.661624873542415 ], [ 9.062875611558638, 45.662017870151693 ], [ 9.062844781476363, 45.662126433218951 ], [ 9.062445755299109, 45.663229796069253 ], [ 9.062397050361243, 45.663384057214344 ], [ 9.062217756332295, 45.663951926704293 ], [ 9.062173119975336, 45.664200562403728 ], [ 9.062049536718234, 45.664888928332552 ], [ 9.062018907139532, 45.665055219022705 ], [ 9.061876446817578, 45.665516616274893 ], [ 9.061677137542901, 45.666258844248482 ], [ 9.061627095307184, 45.667225000542118 ], [ 9.061456445178141, 45.667217672148873 ], [ 9.061871173948319, 45.667962075022835 ], [ 9.06267061166978, 45.669876766670015 ], [ 9.062937328339183, 45.670724032709238 ], [ 9.063182707223682, 45.671505003135067 ], [ 9.063377803474969, 45.672038512193282 ], [ 9.06340647264039, 45.672116949611897 ], [ 9.063629839831775, 45.67271986344106 ], [ 9.063713023706407, 45.672943785537846 ], [ 9.063819260088136, 45.673311593265502 ], [ 9.064258872353367, 45.674833627252596 ], [ 9.064312164320564, 45.675160099820772 ], [ 9.06433689111625, 45.675311659455659 ], [ 9.065049722829338, 45.677597467075564 ], [ 9.065081017951396, 45.678002736125521 ], [ 9.065409323290019, 45.679185220238523 ], [ 9.065446938154565, 45.679191752217534 ], [ 9.065426978438017, 45.679249762440946 ], [ 9.06548680549948, 45.679464871927991 ], [ 9.065546773382252, 45.679680323327162 ], [ 9.065557281416755, 45.679718189280415 ], [ 9.065572689797552, 45.679761849868363 ], [ 9.065631844159022, 45.679839955891516 ], [ 9.065729607409827, 45.680581027927474 ], [ 9.065761298793948, 45.680821286476714 ], [ 9.066106882638609, 45.682319462780434 ], [ 9.065912367486435, 45.683990156478629 ], [ 9.065863564070273, 45.684265749076204 ], [ 9.065741417734484, 45.684816946491821 ], [ 9.06544704291634, 45.685109896727596 ], [ 9.06704624837209, 45.685121078267088 ], [ 9.069597683772447, 45.685141895270469 ], [ 9.069990651742772, 45.685158872019308 ], [ 9.073391830693652, 45.685032904173404 ], [ 9.074788288224505, 45.684981156409513 ], [ 9.077171842408179, 45.684946602056804 ], [ 9.077408564197407, 45.684944458126374 ], [ 9.077930147518863, 45.684937171089757 ], [ 9.077979831632812, 45.684935625947304 ], [ 9.078477072161435, 45.684929472731163 ], [ 9.080704465137469, 45.684898204742069 ], [ 9.081167388973169, 45.684914115218746 ], [ 9.08179226630129, 45.684897423045996 ], [ 9.083084002463304, 45.685020337171011 ], [ 9.087656738839362, 45.685455258607959 ], [ 9.087718323784054, 45.685461122193765 ], [ 9.08828582397577, 45.685502592988115 ], [ 9.088353974177254, 45.685519275570705 ], [ 9.088470684466897, 45.685547858336541 ], [ 9.088839067842873, 45.685638156953395 ], [ 9.089275369371668, 45.685745101491257 ], [ 9.089817848386222, 45.685886892304502 ], [ 9.090010620682506, 45.685939295606296 ], [ 9.090069337919953, 45.685957429230847 ], [ 9.090245441720272, 45.685998663529936 ], [ 9.091088129026724, 45.686218180562875 ], [ 9.091266722959222, 45.686265586777687 ], [ 9.091313533313382, 45.686288200890765 ], [ 9.091635476054812, 45.686443758482206 ], [ 9.091671744325389, 45.686465434014394 ], [ 9.092847561867908, 45.687029376345386 ], [ 9.092944277922484, 45.687132963978499 ], [ 9.093131687584847, 45.687333676799796 ], [ 9.093150011964049, 45.687362845282678 ], [ 9.094056869390236, 45.688324495372314 ], [ 9.094893246101359, 45.689268875454523 ], [ 9.094976111215278, 45.689342935686263 ], [ 9.096140872525778, 45.69038391349126 ], [ 9.097356316802788, 45.691428521896071 ], [ 9.097454672648313, 45.691507980201806 ], [ 9.099189336118856, 45.693018537083162 ], [ 9.100091188892593, 45.693866135469577 ], [ 9.100160084746527, 45.693896421386306 ], [ 9.100229277394028, 45.693970580642123 ], [ 9.100259744890142, 45.694025502170156 ], [ 9.100422532075648, 45.694177538013008 ], [ 9.100719954657373, 45.694457063351408 ], [ 9.101968093352232, 45.695716074718469 ], [ 9.102121337380682, 45.695864372269277 ], [ 9.10261694671822, 45.69634394853005 ], [ 9.102804467406871, 45.696525386897157 ], [ 9.103140587849703, 45.696835616008293 ], [ 9.103203286782794, 45.696894056646975 ], [ 9.103742316458614, 45.697352029936631 ], [ 9.103859419102188, 45.697451512256642 ], [ 9.104833408529984, 45.696280533514411 ], [ 9.105666380961464, 45.695271672722669 ], [ 9.106589105319783, 45.694181724421789 ], [ 9.10689654714157, 45.693767400843363 ], [ 9.107152951066086, 45.693515136524702 ], [ 9.107665879200713, 45.693091621589332 ], [ 9.108524869644294, 45.692298737531253 ], [ 9.108576631695229, 45.692264317774821 ], [ 9.1094740725371, 45.691676787121963 ], [ 9.109564380293634, 45.691638482117021 ], [ 9.109635216842907, 45.691608424288354 ], [ 9.11015427702903, 45.691388165172995 ], [ 9.111067332638855, 45.691725793518891 ], [ 9.111902159584421, 45.692034460812764 ], [ 9.112377278343184, 45.691997992937765 ], [ 9.112457940035984, 45.691993415853318 ], [ 9.112494401992251, 45.691990585198788 ], [ 9.113109238369832, 45.691943261131527 ], [ 9.113852614300347, 45.691177455555653 ], [ 9.114224236681316, 45.690772061496261 ], [ 9.114344210238855, 45.690640610312748 ], [ 9.11492900509473, 45.689997292815576 ], [ 9.1161980845313, 45.688852905620756 ], [ 9.116981083879324, 45.688663088993934 ], [ 9.118138163243128, 45.689246943792575 ], [ 9.118691747655737, 45.689885423985281 ], [ 9.120012788232234, 45.689055971498334 ], [ 9.120131578881992, 45.689090903112387 ], [ 9.120290460479572, 45.689142385441393 ], [ 9.12038106823324, 45.689163059437142 ], [ 9.120629592698553, 45.689235332345753 ], [ 9.121809538412929, 45.688505014390955 ], [ 9.12218888518133, 45.688638257348607 ], [ 9.122875307484342, 45.688879352958566 ], [ 9.123904500197527, 45.689240823934753 ], [ 9.124161622162744, 45.689357561068952 ], [ 9.123636041091141, 45.689808160248191 ], [ 9.124590801707928, 45.690333667419438 ], [ 9.124664739054088, 45.690374095922934 ], [ 9.124705081546054, 45.690391956356102 ], [ 9.125891631072552, 45.690917283973988 ], [ 9.126245964512224, 45.691074407575911 ], [ 9.127390389851191, 45.691685186710778 ], [ 9.128212744777059, 45.692012814296895 ], [ 9.129195994239943, 45.692406019592156 ], [ 9.129614384546224, 45.692573800944018 ], [ 9.131567859234583, 45.6931115981088 ], [ 9.133534143142612, 45.693622358764628 ], [ 9.13486347017483, 45.693933877674134 ], [ 9.135540504651315, 45.694092540566196 ], [ 9.135603142195365, 45.69410597828314 ], [ 9.136176542992834, 45.694213298118818 ], [ 9.136669649465585, 45.694302721197836 ], [ 9.136841987090902, 45.694311135904464 ], [ 9.137029323163786, 45.694320282132161 ], [ 9.138173463900623, 45.694741953870846 ], [ 9.139120152666415, 45.694844309142738 ], [ 9.139162723842112, 45.694848755010078 ], [ 9.139445280714463, 45.694833728338665 ], [ 9.139856203458143, 45.694811907593397 ], [ 9.139456064512826, 45.694020325597606 ], [ 9.139296295657322, 45.693544436923588 ], [ 9.139227511877476, 45.693339909394872 ], [ 9.139132583866084, 45.693057639281001 ], [ 9.139655391705576, 45.693028632591336 ], [ 9.140956199253093, 45.692956457795887 ], [ 9.142446010884589, 45.692936600247862 ], [ 9.143807981388409, 45.693150917563258 ], [ 9.144141998557114, 45.693186497262438 ], [ 9.14456432173866, 45.692600918641368 ], [ 9.144986006883599, 45.691772311326133 ], [ 9.145909430527112, 45.691267088175501 ], [ 9.146834365039517, 45.691355915117086 ], [ 9.14732338566707, 45.691742283599211 ], [ 9.148067260839644, 45.691336333064058 ], [ 9.149017919250843, 45.691434103518816 ], [ 9.149839424532068, 45.691262002416039 ], [ 9.150911874935867, 45.69049201050408 ], [ 9.15108280192438, 45.6903692868337 ], [ 9.151876130011715, 45.689279141027988 ], [ 9.152205663371163, 45.688654490818699 ], [ 9.152387190544399, 45.688306384446861 ], [ 9.152860683223091, 45.68769370206828 ], [ 9.153526374221064, 45.686918747119464 ], [ 9.153795030443517, 45.68655830714561 ], [ 9.154038150512825, 45.686224990782854 ], [ 9.154140325640659, 45.685999882334933 ], [ 9.154434852667832, 45.685702440591506 ], [ 9.154857755955188, 45.68538683775315 ], [ 9.155113632181545, 45.685035459550505 ], [ 9.155100049821288, 45.684774458020762 ], [ 9.155433501513405, 45.684611993255871 ], [ 9.155792545492499, 45.684422485583355 ], [ 9.155714464065868, 45.684053551091438 ], [ 9.155533608405321, 45.683666765591518 ], [ 9.156211199303964, 45.682585743138553 ], [ 9.156517184029854, 45.681793269525073 ], [ 9.156848601321748, 45.680919725415244 ], [ 9.157270068140683, 45.680109081147179 ], [ 9.157230283084159, 45.67965909781995 ], [ 9.157473788083699, 45.679487753451262 ], [ 9.157795051477827, 45.679577322308141 ], [ 9.158231459558291, 45.679522708208133 ], [ 9.158654296539767, 45.679198095609138 ], [ 9.159116189180407, 45.67907144130929 ], [ 9.159384585839872, 45.678630023572481 ], [ 9.159396423047422, 45.678278976450919 ], [ 9.159987045887059, 45.678269155442308 ], [ 9.16029488132054, 45.678151706540582 ], [ 9.160075592962192, 45.677800983365699 ], [ 9.160126307819194, 45.677575892715197 ], [ 9.160563263149331, 45.677719302140112 ], [ 9.160986384056809, 45.677502683473357 ], [ 9.161216778872399, 45.677250333729759 ], [ 9.161203352113382, 45.677043323984137 ], [ 9.1608949558885, 45.676962761809712 ], [ 9.160945331257993, 45.676620655600765 ], [ 9.161470893275551, 45.676322892022505 ], [ 9.161957017665605, 45.675701157331169 ], [ 9.161852960173359, 45.675233256538846 ], [ 9.162147578398613, 45.674998823633786 ], [ 9.162275248722, 45.674746618291422 ], [ 9.162069001839091, 45.674458886231314 ], [ 9.162273497594661, 45.67424068782033 ], [ 9.162399604156516, 45.673793976814267 ], [ 9.162431147350965, 45.673715756789619 ], [ 9.163495746228646, 45.673122457655268 ], [ 9.163750018299442, 45.672988139952658 ], [ 9.164767137247713, 45.672461961471207 ], [ 9.165577505531072, 45.672003064447836 ], [ 9.165338299367807, 45.671835964196802 ], [ 9.165481413667473, 45.671791091101277 ], [ 9.165678610169078, 45.67169627281902 ], [ 9.165740603915891, 45.671660735694211 ], [ 9.165811629783626, 45.671620023431132 ], [ 9.165894040927407, 45.671572781566056 ], [ 9.16647601869153, 45.671239145121717 ], [ 9.166556726689997, 45.671195493902253 ], [ 9.167464581545419, 45.67070439634076 ], [ 9.167527084012713, 45.670670570359405 ], [ 9.168274144628715, 45.670290790689997 ], [ 9.168603178549136, 45.670151648123039 ], [ 9.168418070168572, 45.669939325164826 ], [ 9.168325393177925, 45.669800800681102 ], [ 9.168737489434218, 45.669604869439823 ], [ 9.169417605458049, 45.669281536414545 ], [ 9.16904755958676, 45.668930813950617 ], [ 9.170310338402688, 45.668170964423432 ], [ 9.169600138909287, 45.667702972953776 ], [ 9.169846928292856, 45.667559248548763 ], [ 9.170098136418414, 45.667412963480814 ], [ 9.170440553558958, 45.667662357846488 ], [ 9.171140795779973, 45.668262137154677 ], [ 9.1713121437098, 45.668280369935133 ], [ 9.171891251968971, 45.668048415349169 ], [ 9.172364866496549, 45.667788875441865 ], [ 9.172819906004493, 45.66772392539275 ], [ 9.17308452097291, 45.667724129662986 ], [ 9.173488068434898, 45.667772440905971 ], [ 9.173828161906819, 45.667962342777741 ], [ 9.17407862357493, 45.667989685902718 ], [ 9.174526490570413, 45.667933536538236 ], [ 9.174803066898129, 45.667886899625017 ], [ 9.175040132503355, 45.667831095791307 ], [ 9.1754373121173, 45.667726490506062 ], [ 9.175816933582881, 45.667626517506015 ], [ 9.175657514588925, 45.667210806347946 ], [ 9.175617711712356, 45.667127658977712 ], [ 9.176289221964891, 45.666951007849654 ], [ 9.176461816398374, 45.667366695995604 ], [ 9.176935978379433, 45.667301264366991 ], [ 9.17698195357481, 45.667242364356234 ], [ 9.177723463694816, 45.666292473569548 ], [ 9.178156090793513, 45.665598529029673 ], [ 9.1781985700866, 45.665414143767329 ], [ 9.178209566731182, 45.665366457081021 ], [ 9.178247919073851, 45.665009133611164 ], [ 9.178283943623219, 45.664673265526417 ], [ 9.178185925842916, 45.664177337840925 ], [ 9.178166562409643, 45.66407940339603 ], [ 9.178935974526453, 45.663826176346127 ], [ 9.179085432336725, 45.663776447237495 ], [ 9.179561286849694, 45.663622460383124 ], [ 9.179654475356337, 45.663489222400337 ], [ 9.179912681642488, 45.663515129239101 ], [ 9.180096012018424, 45.663535134665345 ], [ 9.180298682387123, 45.663568659198717 ], [ 9.18115666230001, 45.66342519698388 ], [ 9.181203353191343, 45.66294468665189 ], [ 9.181656644605207, 45.662930435773546 ], [ 9.181702473370523, 45.662192795733667 ], [ 9.182699835782072, 45.662177367168873 ], [ 9.183168440845638, 45.662170119087108 ], [ 9.1831600947193, 45.662569368287642 ], [ 9.184558303778946, 45.662452092267152 ], [ 9.185869405166832, 45.662253722343259 ], [ 9.186736866813121, 45.662062845528126 ], [ 9.186991525132592, 45.662060455107088 ], [ 9.186790088396217, 45.66357171269091 ], [ 9.18675262375579, 45.663903339266454 ], [ 9.186706361941738, 45.664498877788326 ], [ 9.1865827606254, 45.66503363723951 ], [ 9.186495379742457, 45.665558973776101 ], [ 9.186574284602258, 45.665563189666706 ], [ 9.188076342992114, 45.665645908370571 ], [ 9.188979475325555, 45.66569565010672 ], [ 9.189028291870381, 45.665701284902013 ], [ 9.189133178429465, 45.665713405605992 ], [ 9.190481313153782, 45.665783162923042 ], [ 9.190456737202071, 45.666107220063097 ], [ 9.190266989983245, 45.666935612064407 ], [ 9.190613665983683, 45.667074540502433 ], [ 9.191356253773886, 45.667371315296897 ], [ 9.19194820302874, 45.667607858885127 ], [ 9.192834147544282, 45.667651381209083 ], [ 9.193488860550916, 45.667650274254939 ], [ 9.193699872399955, 45.667640903215037 ], [ 9.194092159855444, 45.66762224559195 ], [ 9.194432438093088, 45.667686204137411 ], [ 9.194185668040847, 45.668584913439659 ], [ 9.193993384666907, 45.669198913987174 ], [ 9.19396175211442, 45.669426255835837 ], [ 9.193930733696742, 45.66982406856706 ], [ 9.193949528701985, 45.670028411267694 ], [ 9.193923506373489, 45.670119817848303 ], [ 9.193854482588314, 45.670362133929295 ], [ 9.19342076742417, 45.671169704014922 ], [ 9.193407182252535, 45.671225821310131 ], [ 9.19320279016587, 45.672070150363787 ], [ 9.193196072037153, 45.672097149016572 ], [ 9.192948852123889, 45.672875155934861 ], [ 9.192611833271762, 45.673934342147163 ], [ 9.19255174643431, 45.67414768373996 ], [ 9.192472293620535, 45.674429606676419 ], [ 9.192345413665874, 45.674879839978431 ], [ 9.192144591596307, 45.676230312149805 ], [ 9.19204014915109, 45.676947423144767 ], [ 9.191943867616866, 45.677607761747304 ], [ 9.191780713044412, 45.678435778676302 ], [ 9.192044709601111, 45.678567357045793 ], [ 9.193590954069492, 45.679304119837568 ], [ 9.194434857177461, 45.679802925326221 ], [ 9.195439682585388, 45.680396825989426 ], [ 9.195504775535895, 45.680415769420755 ], [ 9.194749628958617, 45.680878555290363 ], [ 9.195343807713117, 45.681431341599982 ], [ 9.193733585670264, 45.682022502270634 ], [ 9.193487556421317, 45.682242131272268 ], [ 9.191844152997859, 45.682764085096693 ], [ 9.192420825766172, 45.683375036986213 ], [ 9.19259731100802, 45.683303918244746 ], [ 9.193053584898383, 45.683834311497364 ], [ 9.19340838778837, 45.684223232002367 ], [ 9.193957743478613, 45.684462951782287 ], [ 9.194292951213733, 45.684840418585601 ], [ 9.194497731942841, 45.68528372894697 ], [ 9.194321180287945, 45.685337137052066 ], [ 9.194842223584622, 45.685735060798862 ], [ 9.194938688276707, 45.685892410093025 ], [ 9.195385993905026, 45.686592437157024 ], [ 9.195689100156493, 45.686627328597012 ], [ 9.196043567913735, 45.686910007978454 ], [ 9.196119992992438, 45.687104628006615 ], [ 9.197894757603754, 45.689173133271765 ], [ 9.19837676295206, 45.68980970152699 ], [ 9.197922834494879, 45.689969852217018 ], [ 9.197443993272115, 45.690236253119259 ], [ 9.196838984674674, 45.690520583989191 ], [ 9.196057745559735, 45.690964570378277 ], [ 9.196387394290447, 45.691353527013241 ], [ 9.19648889181134, 45.691494995022779 ], [ 9.196641451896577, 45.691795734819465 ], [ 9.196115537984298, 45.691920918700369 ], [ 9.196568427294267, 45.69257490055837 ], [ 9.195484143859808, 45.693019405656756 ], [ 9.195105989254857, 45.693197107418818 ], [ 9.195512788844784, 45.693993165507386 ], [ 9.194655493134873, 45.694366452737441 ], [ 9.194959957292436, 45.694773149994674 ], [ 9.194607014890249, 45.694950805223215 ], [ 9.194962356755918, 45.695463666027955 ], [ 9.196059970180208, 45.695047953952916 ], [ 9.19610877184528, 45.695034838796175 ], [ 9.19625852224188, 45.694981806194967 ], [ 9.196362367147563, 45.694927561586091 ], [ 9.196484029702948, 45.694870167454091 ], [ 9.196741416725942, 45.69517285620779 ], [ 9.196655834349569, 45.695468806755869 ], [ 9.196593184177436, 45.695749252545248 ], [ 9.196549597776301, 45.695944501469228 ], [ 9.196372504285979, 45.696355598315321 ], [ 9.196337400303184, 45.696426756172102 ], [ 9.19607685154716, 45.696955104749755 ], [ 9.195891395772323, 45.697384168172398 ], [ 9.195858985882172, 45.69745915650121 ], [ 9.195471688208745, 45.698123537843991 ], [ 9.195313881399706, 45.698343332405969 ], [ 9.195857069842519, 45.698387160006021 ], [ 9.197539426932483, 45.69961493155575 ], [ 9.197173937283555, 45.699856279059667 ], [ 9.198611920037967, 45.700932813793543 ], [ 9.19786123293051, 45.701326474606212 ], [ 9.197984186450755, 45.701473397980472 ], [ 9.198563082167881, 45.701962855099303 ], [ 9.197875556924297, 45.702396295061988 ], [ 9.198549320274727, 45.703017368769601 ], [ 9.199235850821653, 45.70259940973866 ], [ 9.200571410310015, 45.703741438378522 ], [ 9.199271899294079, 45.704548803636811 ], [ 9.198922679748739, 45.70472108380941 ], [ 9.199603233388689, 45.705376407119722 ], [ 9.201095358113699, 45.704396278867534 ], [ 9.201241896155226, 45.704490621196527 ], [ 9.20199754342479, 45.705104175520894 ], [ 9.202415019407916, 45.705447056153211 ], [ 9.202134471479637, 45.705655740723948 ], [ 9.201720372910957, 45.706208279930408 ], [ 9.201229254431126, 45.70682626403805 ], [ 9.201113163007969, 45.707088917652783 ], [ 9.201056716000233, 45.707154037046877 ], [ 9.200994513927782, 45.707217857819387 ], [ 9.200964629741282, 45.707241605918838 ], [ 9.200824923507046, 45.707384443288475 ], [ 9.2014416618563, 45.707559630282773 ], [ 9.201554901666126, 45.707591795674176 ], [ 9.201819058098268, 45.707666829938667 ], [ 9.201857780936088, 45.707678785709611 ], [ 9.201928163795282, 45.707697821356184 ], [ 9.202108817673547, 45.707763848680642 ], [ 9.202356077303183, 45.707854733210866 ], [ 9.203527142407411, 45.708262578652082 ], [ 9.203818214857819, 45.707899435221478 ], [ 9.204561434968069, 45.708166130284816 ], [ 9.204382301038711, 45.708387174076442 ], [ 9.204292894288992, 45.708544994818034 ], [ 9.20424813458814, 45.708608138998308 ], [ 9.204030632624185, 45.709026697894899 ], [ 9.203985847994355, 45.709086707030757 ], [ 9.204105687640222, 45.70918437856929 ], [ 9.204162021321311, 45.709237814710463 ], [ 9.204396142043763, 45.709274573933683 ], [ 9.206118405005636, 45.709534988286315 ], [ 9.206029316618526, 45.709771632531485 ], [ 9.205940953291014, 45.710213256112191 ], [ 9.205911225916086, 45.710299865027274 ], [ 9.205878004829708, 45.710399677207896 ], [ 9.20584776076371, 45.710488380621676 ], [ 9.205740641066024, 45.710796955506098 ], [ 9.206407313794735, 45.710909653696667 ], [ 9.20648965625133, 45.710923573161431 ], [ 9.20666344960744, 45.710952951676205 ], [ 9.206741799639255, 45.710971895228482 ], [ 9.206896092867003, 45.711005091711321 ], [ 9.207361334377795, 45.711109356939531 ], [ 9.2074888905446, 45.711115758950243 ], [ 9.207976922576293, 45.711134543757311 ], [ 9.208007640243753, 45.711179523353479 ], [ 9.20822238168088, 45.711494120676811 ], [ 9.208362988234487, 45.711520869442118 ], [ 9.209359691652951, 45.711708527763307 ], [ 9.209546638718443, 45.711743722004947 ], [ 9.210187076047971, 45.711868557716627 ], [ 9.210226053021488, 45.711877481405537 ], [ 9.210271060763001, 45.711886381380928 ], [ 9.210110034096161, 45.71231832905994 ], [ 9.21094994484986, 45.712515204016235 ], [ 9.211605955083566, 45.712712022009377 ], [ 9.211686068327985, 45.712709569397575 ], [ 9.211865127622524, 45.712472754056883 ], [ 9.212155510316983, 45.71193616888597 ], [ 9.214383821503228, 45.712310394041708 ], [ 9.214606810025725, 45.711805449872102 ], [ 9.214987877930875, 45.711457889331946 ], [ 9.21543851542582, 45.711661978839921 ], [ 9.215853270992298, 45.711844500032996 ], [ 9.215351554056351, 45.712434715789421 ], [ 9.215250842363412, 45.712715725159228 ], [ 9.215064110858831, 45.713236617384503 ], [ 9.214519892423926, 45.714244919919189 ], [ 9.213914124403118, 45.714726874726004 ], [ 9.213988677560041, 45.714862939678895 ], [ 9.214072028226084, 45.715015063519679 ], [ 9.214357834343161, 45.715320435024218 ], [ 9.214543544246304, 45.715302682505353 ], [ 9.215132133473665, 45.71545269279401 ], [ 9.215642759645512, 45.715712748741929 ], [ 9.21611853524661, 45.715578805388326 ], [ 9.21622937869596, 45.715547600521241 ], [ 9.216386848697656, 45.715641799945836 ], [ 9.216642725168954, 45.71579327367651 ], [ 9.216800061729503, 45.715930358871006 ], [ 9.217212493826944, 45.716135644216152 ], [ 9.217067809074635, 45.716392089921108 ], [ 9.216493399686948, 45.717730584335214 ], [ 9.21819878234883, 45.717741062716222 ], [ 9.218277865068035, 45.716974826241305 ], [ 9.218312346274248, 45.716794793984384 ], [ 9.218403801159937, 45.716317541983543 ], [ 9.218120850175602, 45.716246062663394 ], [ 9.218192809541264, 45.71620245952171 ], [ 9.218464342123401, 45.71536334550003 ], [ 9.219003855776045, 45.715335307512163 ], [ 9.220379182263246, 45.715467669470463 ], [ 9.220915282526429, 45.715675190676315 ], [ 9.220915877977131, 45.715826307486161 ], [ 9.221072792921548, 45.715853469896501 ], [ 9.221365174486147, 45.715440786127928 ], [ 9.221618368570951, 45.715028159599711 ], [ 9.22201504038909, 45.715159608474679 ], [ 9.222442684369843, 45.715301328586641 ], [ 9.222761798054757, 45.715421078090891 ], [ 9.222857830267339, 45.715331617312195 ], [ 9.223217461798489, 45.715119446934061 ], [ 9.223314409644756, 45.715060823408443 ], [ 9.223585554706496, 45.715332098268753 ], [ 9.223906165246015, 45.715845948701109 ], [ 9.223422808080834, 45.716436361526391 ], [ 9.224044193345362, 45.716559460071132 ], [ 9.224724613544881, 45.716651378290102 ], [ 9.225478949819951, 45.716743147503763 ], [ 9.225287165747051, 45.716847140277693 ], [ 9.225287582119243, 45.716950754797722 ], [ 9.225938715015371, 45.717662015012912 ], [ 9.226310905646086, 45.717756892901171 ], [ 9.226414067541011, 45.717673793008878 ], [ 9.226606288616608, 45.717683771832327 ], [ 9.226782949703059, 45.717496929376232 ], [ 9.226841701676284, 45.717403558223516 ], [ 9.226856044786739, 45.717299915311948 ], [ 9.227062952534567, 45.71727878446525 ], [ 9.227195455452023, 45.717143827776894 ], [ 9.227313377202536, 45.717060697711659 ], [ 9.22735719880259, 45.716925917235329 ], [ 9.227401284850894, 45.716863670912893 ], [ 9.227533912108301, 45.716759792417299 ], [ 9.228272667512716, 45.716532287231836 ], [ 9.228982219956517, 45.716642924545845 ], [ 9.228938726958775, 45.716850241494825 ], [ 9.229042746528567, 45.716984726294747 ], [ 9.22923568459079, 45.717170831292023 ], [ 9.229428269356783, 45.717263699247567 ], [ 9.229531797177666, 45.717284192231666 ], [ 9.22962065797849, 45.7173151105168 ], [ 9.229739070598161, 45.717345970213209 ], [ 9.229975078378088, 45.717221161139165 ], [ 9.230241867407495, 45.717338395595192 ], [ 9.230345776795907, 45.717489801810949 ], [ 9.230494040134404, 45.717593117226976 ], [ 9.230834097980901, 45.717602790592082 ], [ 9.231083857320641, 45.717472454664183 ], [ 9.231154558615073, 45.717435558703507 ], [ 9.231450241481294, 45.717564935147159 ], [ 9.231501486660123, 45.717510707754094 ], [ 9.23155382452603, 45.717455380926282 ], [ 9.231765337663791, 45.717569483549276 ], [ 9.231964756114873, 45.717613906394043 ], [ 9.232381159576374, 45.717888576280068 ], [ 9.232516080800304, 45.717971070366275 ], [ 9.232632613079247, 45.718302385431102 ], [ 9.232713807286737, 45.718530462156984 ], [ 9.232382643369405, 45.719233194309403 ], [ 9.232281980400552, 45.719746439542384 ], [ 9.232334867409998, 45.72010635638167 ], [ 9.232384531106225, 45.720136789654958 ], [ 9.232618112803229, 45.720279968710152 ], [ 9.232657541701178, 45.720304174353977 ], [ 9.232825954439928, 45.720636868557634 ], [ 9.23271129111362, 45.720871115453939 ], [ 9.232609448598977, 45.720909329570908 ], [ 9.232352815533611, 45.721006173701021 ], [ 9.232017840647673, 45.721133057187288 ], [ 9.23091364482767, 45.721351316699106 ], [ 9.230104755515946, 45.721514960139906 ], [ 9.230121921204864, 45.722568011228866 ], [ 9.230828438758985, 45.722503581409008 ], [ 9.231061558604154, 45.72294414865128 ], [ 9.232255515226401, 45.722671696129915 ], [ 9.23341806227811, 45.722760450897887 ], [ 9.233515241350476, 45.722768137906527 ], [ 9.233626455277081, 45.722812709253255 ], [ 9.233953570645546, 45.722956724803126 ], [ 9.233597321353544, 45.723812526411493 ], [ 9.233624384724916, 45.724136494762959 ], [ 9.233920746595617, 45.724182852658402 ], [ 9.234189554132346, 45.724224879286361 ], [ 9.234550316767326, 45.7244491561015 ], [ 9.23465037244061, 45.724814457106795 ], [ 9.234655504103559, 45.724850743119468 ], [ 9.234669346027129, 45.724925363571685 ], [ 9.234733790260204, 45.725151305612975 ], [ 9.234965753071686, 45.725610307864365 ], [ 9.235067715019602, 45.725867020000599 ], [ 9.235585052961067, 45.726040157331433 ], [ 9.236123208563239, 45.725661013640511 ], [ 9.23648839810312, 45.725741692886892 ], [ 9.236637732235309, 45.725776945768835 ], [ 9.237089006766226, 45.726127038822668 ], [ 9.237526639776824, 45.726288142069627 ], [ 9.237500706076181, 45.726369158892155 ], [ 9.237463207540154, 45.726486303669887 ], [ 9.237364258725821, 45.726582193864438 ], [ 9.237258441705787, 45.726684740809205 ], [ 9.236397202172933, 45.7269054969669 ], [ 9.236090223841311, 45.726984180165147 ], [ 9.235159077348682, 45.726968244737243 ], [ 9.235067914394548, 45.726982962292361 ], [ 9.235012761861189, 45.726991412272938 ], [ 9.234900526921146, 45.727018847932563 ], [ 9.234857754488475, 45.727034742130243 ], [ 9.234317501078769, 45.727167850509119 ], [ 9.234287258474014, 45.727661748291446 ], [ 9.234452257450004, 45.727820218634854 ], [ 9.234495981838302, 45.727861197646725 ], [ 9.234564932479167, 45.727941399743443 ], [ 9.235335758667404, 45.727876810071407 ], [ 9.236081059271381, 45.727857262828365 ], [ 9.236377540311421, 45.728072671165044 ], [ 9.236421111703027, 45.728102897427412 ], [ 9.236680769288318, 45.728270984872914 ], [ 9.23680283704546, 45.728350818144087 ], [ 9.237098352738625, 45.728336176659575 ], [ 9.237510596747828, 45.7283157374344 ], [ 9.238521822793713, 45.727852854948722 ], [ 9.2384853525331, 45.72780275624941 ], [ 9.238442948768544, 45.727744508016585 ], [ 9.239018496984482, 45.727585387672647 ], [ 9.239071299125182, 45.727659525509686 ], [ 9.239244850376096, 45.727964029344392 ], [ 9.239423643669227, 45.728267144795694 ], [ 9.240096564943871, 45.728046122719881 ], [ 9.240452479372028, 45.7283746352308 ], [ 9.240543144869008, 45.72846000126038 ], [ 9.241008508160519, 45.729089075742934 ], [ 9.241243458542939, 45.729390692695993 ], [ 9.242491349994518, 45.72930625463357 ], [ 9.242586644319729, 45.729464074439363 ], [ 9.242947463799338, 45.729908539154692 ], [ 9.242965597771956, 45.729930982725847 ], [ 9.242256979123567, 45.730180968202916 ], [ 9.242769823326801, 45.73081101833138 ], [ 9.243187587614331, 45.730635577902483 ], [ 9.243352864718878, 45.730558173975652 ], [ 9.243514611044146, 45.730843400460358 ], [ 9.243548188549715, 45.73090183570941 ], [ 9.243447920175166, 45.73148709146642 ], [ 9.243411860270681, 45.732063213129436 ], [ 9.243438906386512, 45.732369187090711 ], [ 9.243492604987974, 45.732846277261245 ], [ 9.242760155050952, 45.732856914061841 ], [ 9.243045445178439, 45.733441347595893 ], [ 9.242790487340667, 45.73392792393183 ], [ 9.242841722249345, 45.734009503309537 ], [ 9.243140016508923, 45.734485286699567 ], [ 9.243630237845235, 45.73489827586576 ], [ 9.243850325509204, 45.735266825135476 ], [ 9.24359452992158, 45.735555392574412 ], [ 9.243028075463545, 45.735349592086401 ], [ 9.242242792315599, 45.735063237967225 ], [ 9.241844221943351, 45.735037077332755 ], [ 9.241795709343537, 45.735190363139296 ], [ 9.241628689858107, 45.735721578901071 ], [ 9.241746219936832, 45.736153373266355 ], [ 9.242114452757216, 45.73649403480681 ], [ 9.242158485145, 45.736489507713451 ], [ 9.242195306240578, 45.736480428002423 ], [ 9.242300391367827, 45.736445430744801 ], [ 9.242525032281534, 45.736371981332631 ], [ 9.242595011836698, 45.736349285853535 ], [ 9.24316063012394, 45.736366093102561 ], [ 9.243882385327234, 45.736814588406553 ], [ 9.244348443393799, 45.737578653816833 ], [ 9.24453322830005, 45.73868533315607 ], [ 9.2448214396843, 45.739926815281159 ], [ 9.244875020085487, 45.740044875008124 ], [ 9.244887123129914, 45.740087939295343 ], [ 9.244985666374991, 45.740304203459473 ], [ 9.245107101443583, 45.740583260808684 ], [ 9.24572518853897, 45.740824940998323 ], [ 9.245674090624906, 45.740990946524938 ], [ 9.245636473903527, 45.741113156864785 ], [ 9.245297447714679, 45.741381051075685 ], [ 9.245200943599183, 45.741465117364015 ], [ 9.245371728469101, 45.7423018110199 ], [ 9.246003514388812, 45.742732495842453 ], [ 9.247121515972545, 45.742649067395313 ], [ 9.247301378866295, 45.742621184524602 ], [ 9.24759795244586, 45.742574413348365 ], [ 9.248534989283199, 45.742430298372675 ], [ 9.249678821316266, 45.742373794567648 ], [ 9.250292925919299, 45.741715392224727 ], [ 9.250818298289103, 45.741345221724373 ], [ 9.251640745868736, 45.741289403336886 ], [ 9.252398280278133, 45.741089721148519 ], [ 9.253064988715487, 45.740710213703991 ], [ 9.253671100095559, 45.74053375537239 ], [ 9.253943981054082, 45.740456759759361 ], [ 9.254154807632437, 45.740474454504422 ], [ 9.254979533218959, 45.740543929049004 ], [ 9.255878108368469, 45.740658832808911 ], [ 9.256496922255353, 45.740657564075981 ], [ 9.257434242538629, 45.740430439744749 ], [ 9.258191122176807, 45.740095694820944 ], [ 9.259014785761739, 45.739920043899716 ], [ 9.259256933980488, 45.739868236272486 ], [ 9.259654877840886, 45.739750336235147 ], [ 9.259549689269042, 45.739246531840827 ], [ 9.260242616137859, 45.738983938096673 ], [ 9.260696042990705, 45.739747965326266 ], [ 9.261265042543638, 45.740475707202393 ], [ 9.261896635033052, 45.74084329763383 ], [ 9.262937651327841, 45.740804906314104 ], [ 9.263349372873858, 45.740884954970696 ], [ 9.263402295335176, 45.741199859453701 ], [ 9.263622790754397, 45.741622380138331 ], [ 9.264370243393802, 45.742016694402928 ], [ 9.265562681354382, 45.742172282905045 ], [ 9.265606589651455, 45.742148906688122 ], [ 9.266272288316793, 45.741922267218023 ], [ 9.26651431672706, 45.741453660018053 ], [ 9.267141424919412, 45.741470629923803 ], [ 9.267375677142129, 45.741478652490201 ], [ 9.268480757902966, 45.741386049891929 ], [ 9.268891669469333, 45.7412950922091 ], [ 9.269432878359318, 45.741572825352286 ], [ 9.269998495738669, 45.741571490118609 ], [ 9.27031816408561, 45.741219707462314 ], [ 9.27070230809505, 45.740912783930511 ], [ 9.271282945020655, 45.741361440076197 ], [ 9.272031644711898, 45.742007705330423 ], [ 9.272649338627078, 45.742141238896977 ], [ 9.273200946177823, 45.741905909707917 ], [ 9.273625097739822, 45.741895899347185 ], [ 9.274243687685988, 45.742236337807661 ], [ 9.274874197027959, 45.742342933424744 ], [ 9.275411622411864, 45.741837596029676 ], [ 9.275410339052112, 45.741576581708308 ], [ 9.275768762428893, 45.741269686053698 ], [ 9.276037422192788, 45.741008020746889 ], [ 9.276162466956531, 45.740296667738271 ], [ 9.276287418481132, 45.739567306010379 ], [ 9.276774121172814, 45.739215100218225 ], [ 9.277387201529706, 45.73913707995613 ], [ 9.277711649014737, 45.739095622762989 ], [ 9.278080881036052, 45.738383673616312 ], [ 9.278656449406093, 45.738304482218496 ], [ 9.278721375291017, 45.738295460800948 ], [ 9.27882127691451, 45.738277899583096 ], [ 9.278922813456539, 45.738267814819203 ], [ 9.279146928154542, 45.738237003317607 ], [ 9.27965966196003, 45.737947727777382 ], [ 9.279837187448699, 45.737461258255607 ], [ 9.280569976699558, 45.737486447196446 ], [ 9.281416265735372, 45.73707934772343 ], [ 9.281530467081938, 45.736782029486811 ], [ 9.280656256491465, 45.736748179019422 ], [ 9.28056393669725, 45.736280381333458 ], [ 9.280857609799234, 45.735892631423198 ], [ 9.280881748681265, 45.735577545299435 ], [ 9.280763533178327, 45.735073792071809 ], [ 9.280556995542915, 45.734894278697773 ], [ 9.280207930282824, 45.734890637636298 ], [ 9.279567260272477, 45.734887709410806 ], [ 9.27957862355729, 45.734590663502289 ], [ 9.280246041106697, 45.734400012265269 ], [ 9.280836913932976, 45.734326559775376 ], [ 9.281260283650566, 45.734172501689137 ], [ 9.281206481554815, 45.733695595214698 ], [ 9.28039675201984, 45.733697585299829 ], [ 9.279844536297373, 45.733788950481632 ], [ 9.279598905125296, 45.733501529059545 ], [ 9.279391917106674, 45.733178226446284 ], [ 9.280014758978357, 45.732931498202788 ], [ 9.280526537740061, 45.732728760541292 ], [ 9.280649134792997, 45.732680194632664 ], [ 9.280994466855558, 45.73234632634172 ], [ 9.28118852191381, 45.732203706945505 ], [ 9.2812890107359, 45.732129542557054 ], [ 9.281701453064384, 45.732146455921139 ], [ 9.281892855524509, 45.732154842398458 ], [ 9.282395732449263, 45.732477623801309 ], [ 9.282491175992474, 45.732535871261803 ], [ 9.282530681620708, 45.732559874939646 ], [ 9.282705222061098, 45.732665927705369 ], [ 9.283218944928796, 45.73259263304201 ], [ 9.283460942338309, 45.732177944353467 ], [ 9.283595733959734, 45.731889887606492 ], [ 9.283619096886859, 45.731840023844732 ], [ 9.283638975055215, 45.731799477326781 ], [ 9.283657702682317, 45.731756350440122 ], [ 9.283740606561015, 45.731565195911337 ], [ 9.284099899905785, 45.731456282996646 ], [ 9.284601684830493, 45.731563054225823 ], [ 9.284783355742015, 45.731904615562605 ], [ 9.284837120732053, 45.732363529858006 ], [ 9.285044761509162, 45.732759036005525 ], [ 9.285380752727216, 45.733118220849938 ], [ 9.286051704323128, 45.73315254335651 ], [ 9.286486096977491, 45.733115454577586 ], [ 9.286420345804649, 45.732827596597787 ], [ 9.286534651493312, 45.732557296784762 ], [ 9.286081547809619, 45.731919381994516 ], [ 9.285654950617593, 45.731434414896775 ], [ 9.285486991593599, 45.7312638083311 ], [ 9.285428881469018, 45.731082812971074 ], [ 9.285421396366187, 45.731041204896755 ], [ 9.285836291014071, 45.730925419518606 ], [ 9.28628619389192, 45.730784770287507 ], [ 9.286736075556991, 45.730635141962871 ], [ 9.287039066467823, 45.730512867112722 ], [ 9.287107030804412, 45.730215678008925 ], [ 9.28709305926645, 45.729918677664863 ], [ 9.287128678963194, 45.729581071700764 ], [ 9.287163657126744, 45.729029070639434 ], [ 9.287166971994417, 45.728978228625294 ], [ 9.2871624113252, 45.728951234159787 ], [ 9.287286728822171, 45.728757406743988 ], [ 9.286919950163945, 45.727949469091769 ], [ 9.287369655997372, 45.727610914106037 ], [ 9.287834598535655, 45.727303932379805 ], [ 9.287752107552809, 45.727108522642276 ], [ 9.288177922958635, 45.726828299237575 ], [ 9.288432984001197, 45.726680040128748 ], [ 9.288496059408097, 45.726664974684454 ], [ 9.289034467582626, 45.726594169275735 ], [ 9.289877099967063, 45.726551609280115 ], [ 9.290005925512743, 45.726545106920263 ], [ 9.29014058466459, 45.726490773857535 ], [ 9.290137928715392, 45.725977740619882 ], [ 9.28981158064096, 45.724997484608288 ], [ 9.28944748117461, 45.724170339167721 ], [ 9.288696317103655, 45.723038157059911 ], [ 9.288279228595641, 45.721896113954593 ], [ 9.288057085054314, 45.721491636111125 ], [ 9.288176213699121, 45.721464329731845 ], [ 9.289533588641113, 45.721091878254093 ], [ 9.29099694630176, 45.720719122734415 ], [ 9.291358422353808, 45.720583163547637 ], [ 9.29129177497917, 45.720502366887871 ], [ 9.291378206954523, 45.720137592904059 ], [ 9.291404869684449, 45.72002497452214 ], [ 9.291763442711638, 45.719790027146495 ], [ 9.292032321481344, 45.719609337881543 ], [ 9.292957316357215, 45.719570968439918 ], [ 9.293702484556318, 45.719551045606465 ], [ 9.2940629807451, 45.719685125684663 ], [ 9.29443575330937, 45.719711170698119 ], [ 9.295127394666569, 45.719286356202495 ], [ 9.2939555650609, 45.718803340737331 ], [ 9.292695052360415, 45.71856355014517 ], [ 9.291857609778544, 45.718133667024489 ], [ 9.291801672213973, 45.717260726595399 ], [ 9.291846087385823, 45.716776065252049 ], [ 9.291850355593949, 45.71672961114497 ], [ 9.292530970313113, 45.716655849745898 ], [ 9.292953986438331, 45.716465768054313 ], [ 9.293345042009355, 45.716127670452593 ], [ 9.293542969403102, 45.715935413623157 ], [ 9.292963627515306, 45.715655154101299 ], [ 9.292720245273136, 45.715536669475789 ], [ 9.292967753367494, 45.715309450795154 ], [ 9.293054356764959, 45.714984253979473 ], [ 9.293065306326273, 45.714943184953491 ], [ 9.293237273711579, 45.714541870642442 ], [ 9.292846337534968, 45.714235919101036 ], [ 9.292861823267195, 45.714072225970234 ], [ 9.292859175499897, 45.713566781129778 ], [ 9.292918963482885, 45.713569365002805 ], [ 9.292870093221556, 45.712948474626614 ], [ 9.291622517377712, 45.713338337565439 ], [ 9.291492003520794, 45.713203525399699 ], [ 9.291428250489497, 45.713132861634065 ], [ 9.292789360098286, 45.712550861414208 ], [ 9.292835316123067, 45.712518540564062 ], [ 9.293574628958478, 45.712067838928377 ], [ 9.295179056577686, 45.711489978470595 ], [ 9.295024880197371, 45.711038404020258 ], [ 9.295000466822327, 45.710970268863633 ], [ 9.295801856357444, 45.711022952317983 ], [ 9.296817342033433, 45.710917653667586 ], [ 9.29698675509283, 45.711238073191417 ], [ 9.297128050412207, 45.711279519951596 ], [ 9.297410167646886, 45.711179779762254 ], [ 9.297461603138229, 45.71118108598543 ], [ 9.297511084564322, 45.710936381885105 ], [ 9.297566323143521, 45.710663206713107 ], [ 9.297585888042056, 45.710566446603053 ], [ 9.298330111916838, 45.71066277470301 ], [ 9.298369380149559, 45.710667214865531 ], [ 9.298108515808883, 45.711215442676988 ], [ 9.298479466354724, 45.711159719577125 ], [ 9.298892884992146, 45.710380486779094 ], [ 9.299409727183816, 45.710301471835656 ], [ 9.299562346327722, 45.710013047782482 ], [ 9.299803239252801, 45.709409382566776 ], [ 9.299659421142399, 45.70894171427809 ], [ 9.298822474110189, 45.708592876670764 ], [ 9.298205019805247, 45.708441473516181 ], [ 9.298178165614022, 45.708225521493858 ], [ 9.297700787287543, 45.707839736095188 ], [ 9.297351861642683, 45.707453614432346 ], [ 9.297774244221115, 45.707155494797533 ], [ 9.298217678636876, 45.705993247003335 ], [ 9.298228909577357, 45.705709937809004 ], [ 9.298240426969352, 45.705417222001692 ], [ 9.298548649376635, 45.705398407266827 ], [ 9.298857993114932, 45.705595610986741 ], [ 9.299536877169592, 45.705224812374276 ], [ 9.299330228215171, 45.705026567399088 ], [ 9.299836140063993, 45.704621793704597 ], [ 9.298594729787268, 45.703946990099098 ], [ 9.298822437084514, 45.703741548783562 ], [ 9.299156564065161, 45.703767679526337 ], [ 9.299742312493585, 45.703428202324034 ], [ 9.300014592140188, 45.703270397299356 ], [ 9.300317910385884, 45.703137377494294 ], [ 9.300386181464477, 45.70310735940685 ], [ 9.300217006855547, 45.702684803462226 ], [ 9.299559508738334, 45.702046960857921 ], [ 9.299274366057878, 45.701769212900757 ], [ 9.299496850524683, 45.701424218033317 ], [ 9.299646856122653, 45.701206100272216 ], [ 9.299735003531739, 45.701083982643333 ], [ 9.298976489793057, 45.700681924164371 ], [ 9.298870061698606, 45.700636130122263 ], [ 9.298380050974822, 45.700277385265423 ], [ 9.298319642620125, 45.700232582111717 ], [ 9.297657902084762, 45.699739256578269 ], [ 9.296807982125586, 45.69933644692987 ], [ 9.295843481578197, 45.699122925181612 ], [ 9.295290685250301, 45.699034344354821 ], [ 9.295033164747805, 45.698917993551682 ], [ 9.295001044291736, 45.698731825148421 ], [ 9.294905113974776, 45.698175658949914 ], [ 9.294845936990502, 45.697532259878351 ], [ 9.29488335935881, 45.697325154199092 ], [ 9.295164631189831, 45.697072403835982 ], [ 9.295650847435112, 45.696720117104832 ], [ 9.295970432587604, 45.696431265867638 ], [ 9.29634119854275, 45.696106278566837 ], [ 9.296664516411955, 45.695763405302159 ], [ 9.295878800747049, 45.69540648617739 ], [ 9.295067880552125, 45.695257114748593 ], [ 9.294268372552331, 45.695221314836829 ], [ 9.294436582043792, 45.694342355434614 ], [ 9.294814541663712, 45.694326246750762 ], [ 9.294864030651716, 45.694172991498419 ], [ 9.295043680401305, 45.693616423924084 ], [ 9.295207719184257, 45.693057942270151 ], [ 9.294256452988245, 45.692898384003996 ], [ 9.293934380028375, 45.692710194678355 ], [ 9.29399090486401, 45.692549422164547 ], [ 9.294136947920071, 45.692133685679245 ], [ 9.29423742110308, 45.691701398601211 ], [ 9.29473801801597, 45.691646098745856 ], [ 9.294796596626281, 45.690574864336384 ], [ 9.294793144851051, 45.68991780852086 ], [ 9.294804870752088, 45.689701755452383 ], [ 9.294457588447367, 45.689603644529342 ], [ 9.294279867362349, 45.690000146512865 ], [ 9.293920270176997, 45.690001072196331 ], [ 9.294069822676546, 45.689127599731862 ], [ 9.294165235362421, 45.68910478629973 ], [ 9.294279564894293, 45.689077474948675 ], [ 9.295211384822256, 45.688854641315103 ], [ 9.296070143312829, 45.688537388803923 ], [ 9.297374875915754, 45.687552908528595 ], [ 9.297999605297868, 45.686696220502185 ], [ 9.298702403791122, 45.686037320011508 ], [ 9.299277220959123, 45.685459766150345 ], [ 9.299468014615028, 45.685117230479648 ], [ 9.299655924067473, 45.684234671950193 ], [ 9.299484344374983, 45.683362050441282 ], [ 9.299417097699495, 45.682795173232883 ], [ 9.299658020911584, 45.682218491698478 ], [ 9.299888385879308, 45.682073864640394 ], [ 9.300557155443771, 45.682270139428262 ], [ 9.301187595796382, 45.682466618458108 ], [ 9.301920009849658, 45.682545714510844 ], [ 9.302935560170853, 45.68275005384961 ], [ 9.303963879475431, 45.682936341283693 ], [ 9.304925736100278, 45.682708758708912 ], [ 9.305103537953823, 45.682526348046082 ], [ 9.305743001919978, 45.681869504450255 ], [ 9.306060487697618, 45.681220584078837 ], [ 9.30609562863652, 45.680599443730635 ], [ 9.305439594802886, 45.680385175453154 ], [ 9.304257434993248, 45.680235312641337 ], [ 9.303973998760789, 45.680065058110976 ], [ 9.303995591562025, 45.67978239545198 ], [ 9.303997009282099, 45.679569962521164 ], [ 9.303994049709804, 45.679542965132953 ], [ 9.303929066524839, 45.678877076564973 ], [ 9.303917413368609, 45.678733971460396 ], [ 9.303891399263351, 45.678593648912376 ], [ 9.303875515628532, 45.67847217690565 ], [ 9.303925460565198, 45.678211023719776 ], [ 9.304090314819435, 45.677832548162939 ], [ 9.304680905007716, 45.677821979206435 ], [ 9.305242743371009, 45.677244429093534 ], [ 9.305510618662925, 45.676919687576749 ], [ 9.306141117261715, 45.677170023832609 ], [ 9.306640099142218, 45.676844659243322 ], [ 9.307149459513186, 45.677023295543471 ], [ 9.307502039041745, 45.677148359112977 ], [ 9.308672595478459, 45.67753223487798 ], [ 9.309319048163898, 45.677624748837793 ], [ 9.309622235346961, 45.677538940568951 ], [ 9.309760583420626, 45.677506750213581 ], [ 9.309904803784832, 45.677465841732193 ], [ 9.310017514533833, 45.676952490624316 ], [ 9.310015596819735, 45.676591024037812 ], [ 9.31001385783026, 45.676277496421989 ], [ 9.310081371440223, 45.675793566480394 ], [ 9.3100878879089, 45.675746197967193 ], [ 9.310162246315647, 45.675259938833129 ], [ 9.310108927987288, 45.674909051774094 ], [ 9.309670174817775, 45.674505218386031 ], [ 9.309509497932867, 45.67428551159896 ], [ 9.309256280906107, 45.673939345463047 ], [ 9.309759659225501, 45.672929892167808 ], [ 9.310017481988826, 45.672281130523537 ], [ 9.310009286533706, 45.672181999222602 ], [ 9.309978127315395, 45.671806543322425 ], [ 9.309962829059074, 45.671678244170486 ], [ 9.309702343802929, 45.671012882813898 ], [ 9.310057795822967, 45.670282850139678 ], [ 9.310414930304617, 45.669858845773632 ], [ 9.310657749848017, 45.669660153116233 ], [ 9.311003495616532, 45.669768077961606 ], [ 9.311172150916693, 45.669820758953826 ], [ 9.311225940280433, 45.669866480867071 ], [ 9.311404342530579, 45.67001816703047 ], [ 9.311227527813042, 45.670540689351199 ], [ 9.31119977002481, 45.670603771045784 ], [ 9.310999256136778, 45.671054355970007 ], [ 9.31102364750179, 45.671256801892213 ], [ 9.311023460266872, 45.671285118231097 ], [ 9.311072489648099, 45.67130198018085 ], [ 9.311284627725877, 45.671409977130722 ], [ 9.311450756674558, 45.671493950694924 ], [ 9.311581294874472, 45.671880627530086 ], [ 9.311366228447474, 45.672457264805999 ], [ 9.311340872646463, 45.672659846180998 ], [ 9.311317071649805, 45.672853427841858 ], [ 9.311998278774544, 45.672986577116347 ], [ 9.31282071474736, 45.673119353712352 ], [ 9.31314093211013, 45.672983450894222 ], [ 9.313538388593427, 45.672883353086867 ], [ 9.314348296438654, 45.673070146557812 ], [ 9.315294273823477, 45.673176688768933 ], [ 9.315720139166292, 45.673012371106445 ], [ 9.315629645538159, 45.67261657408185 ], [ 9.314768840441063, 45.672510946715029 ], [ 9.314305795638555, 45.672359204132164 ], [ 9.314225883166021, 45.671846379076626 ], [ 9.314108387312411, 45.671495670169627 ], [ 9.31394797371304, 45.671430239151917 ], [ 9.313529340979526, 45.671263246283587 ], [ 9.313315044369691, 45.671398840896337 ], [ 9.313171118111699, 45.671489247791179 ], [ 9.312527994920089, 45.671274985393715 ], [ 9.312509533930012, 45.670887155194507 ], [ 9.312496788744188, 45.670829656507536 ], [ 9.312486423684836, 45.670681228136097 ], [ 9.312676535714225, 45.670239683410237 ], [ 9.312376122281972, 45.670037974848199 ], [ 9.312185601209714, 45.66968296666527 ], [ 9.31228599610637, 45.669268653146545 ], [ 9.312566341635762, 45.668880847235322 ], [ 9.312809316783817, 45.668718204335129 ], [ 9.313335931311283, 45.668761775487773 ], [ 9.314042753968261, 45.668894842404519 ], [ 9.314388581349286, 45.66874986921372 ], [ 9.314528231916597, 45.66847047310479 ], [ 9.314589675844605, 45.668285710441126 ], [ 9.314641867819034, 45.668128123451446 ], [ 9.314717385049981, 45.66787185501714 ], [ 9.314728498675736, 45.667779051502947 ], [ 9.314420780516445, 45.667633626513172 ], [ 9.313842613129362, 45.667405699379728 ], [ 9.314201195465955, 45.666675643844023 ], [ 9.314161370250995, 45.666441738715811 ], [ 9.313874884574101, 45.666105770104046 ], [ 9.313747689646442, 45.665956704946403 ], [ 9.313297178511814, 45.665741917552637 ], [ 9.312730699281515, 45.665446446990771 ], [ 9.31225356088434, 45.665060719782318 ], [ 9.312264300083163, 45.664682661669161 ], [ 9.312617988702559, 45.66433689774906 ], [ 9.31269836643443, 45.664258407037046 ], [ 9.313480654364213, 45.664121254491981 ], [ 9.314083776384638, 45.664083578258449 ], [ 9.314456415784097, 45.664145560239412 ], [ 9.314578398427615, 45.664136574576091 ], [ 9.315046681378249, 45.664107933210609 ], [ 9.315380352306848, 45.663949491796203 ], [ 9.315506798923346, 45.663890657650086 ], [ 9.315376152747284, 45.663485975195329 ], [ 9.315129134519948, 45.662928595946887 ], [ 9.314867581808928, 45.662478505273612 ], [ 9.314836714846944, 45.662425395131315 ], [ 9.314405429673474, 45.662057540398671 ], [ 9.314067874533176, 45.662131617230052 ], [ 9.313842739717691, 45.661470627851095 ], [ 9.313748928471478, 45.661233017380717 ], [ 9.313669493665591, 45.66085798056104 ], [ 9.313838495301916, 45.660687281804798 ], [ 9.313879038069681, 45.660688552959591 ], [ 9.314061112098903, 45.660699889642565 ], [ 9.314313511030267, 45.660715584324315 ], [ 9.315235720580377, 45.66077321160369 ], [ 9.31535851288632, 45.660784017611576 ], [ 9.31583259146362, 45.660827316374792 ], [ 9.31627814407188, 45.660868008082396 ], [ 9.31718897032307, 45.660888227231148 ], [ 9.31750844788651, 45.660630395145745 ], [ 9.317872015716457, 45.660254075150398 ], [ 9.318510665373815, 45.659364142999507 ], [ 9.318829201786492, 45.658776164434869 ], [ 9.31889251487995, 45.658595327311637 ], [ 9.319335643416144, 45.658093753574754 ], [ 9.319391548630609, 45.658037207628581 ], [ 9.319471955727737, 45.658045443642635 ], [ 9.320026585625012, 45.657408795803711 ], [ 9.320316228491613, 45.657156262492201 ], [ 9.321015965739234, 45.656541046169146 ], [ 9.321196546422694, 45.656498251525349 ], [ 9.321677425589108, 45.656735909982672 ], [ 9.322283456105293, 45.657220242851601 ], [ 9.322545620096008, 45.657426917689129 ], [ 9.323068235364689, 45.657838958951359 ], [ 9.323073359779194, 45.658730028795723 ], [ 9.321115726545791, 45.659824646318064 ], [ 9.321341927881386, 45.660940114620772 ], [ 9.321639395812049, 45.661470313461926 ], [ 9.321997288905525, 45.662180384035445 ], [ 9.322361630094754, 45.662899413585009 ], [ 9.322585564407536, 45.663050161010823 ], [ 9.3229874721206, 45.663320712542863 ], [ 9.323939927660607, 45.663759058958711 ], [ 9.325071652813785, 45.664089010115376 ], [ 9.325715892497934, 45.66449224083582 ], [ 9.326449317512166, 45.664787188151422 ], [ 9.32707091359215, 45.665028421384292 ], [ 9.327228258134626, 45.665114921994387 ], [ 9.328443919222432, 45.66578331122038 ], [ 9.328521991980665, 45.665826209041249 ], [ 9.329098267691011, 45.666143020359556 ], [ 9.329661033161905, 45.665790366380918 ], [ 9.334763388778093, 45.666783629198861 ], [ 9.337789581389245, 45.667404786544012 ], [ 9.338146739824564, 45.667952794072008 ], [ 9.33881650497897, 45.668319832910896 ], [ 9.339563992639842, 45.668794658083733 ], [ 9.340144403227296, 45.669242970576384 ], [ 9.340721024684996, 45.669061229510099 ], [ 9.341302814840239, 45.669734551051384 ], [ 9.341756477402448, 45.670444272586806 ], [ 9.342668810637951, 45.670576548312837 ], [ 9.34272279803408, 45.671008415476166 ], [ 9.342777302795692, 45.671458014539041 ], [ 9.342790412118182, 45.671566272746624 ], [ 9.342830525164578, 45.671827173038217 ], [ 9.343627601038511, 45.672004800222687 ], [ 9.344576442639754, 45.671803910683913 ], [ 9.344983789527378, 45.671235643789146 ], [ 9.345469051724582, 45.670811143805345 ], [ 9.345927955667566, 45.670278700304479 ], [ 9.346195560802004, 45.669953862879446 ], [ 9.346875090611622, 45.669807779667416 ], [ 9.347451447565039, 45.669590022668011 ], [ 9.347859752823759, 45.669183737365884 ], [ 9.348177240898368, 45.66862471075823 ], [ 9.348273748167028, 45.668630842322145 ], [ 9.348588352434287, 45.668650566831623 ], [ 9.349088633076095, 45.668586033160004 ], [ 9.349524512230779, 45.668485693555738 ], [ 9.350024940242527, 45.668534191890629 ], [ 9.350333621804296, 45.668564113327356 ], [ 9.350985887317563, 45.668166063882879 ], [ 9.352172653551605, 45.667410853155857 ], [ 9.352736545759402, 45.666873561453535 ], [ 9.353068297525521, 45.666548508755128 ], [ 9.353477051229778, 45.66622321865453 ], [ 9.353731056593423, 45.665790383192096 ], [ 9.353869314233325, 45.665321924705488 ], [ 9.353959244949253, 45.665154498010551 ], [ 9.354072489406194, 45.664943375330459 ], [ 9.354276049156201, 45.664654718853797 ], [ 9.354595208214144, 45.664374698737625 ], [ 9.355841477779746, 45.664541851251641 ], [ 9.355678694227324, 45.665190411514004 ], [ 9.355767959098744, 45.665911576399772 ], [ 9.355773236044557, 45.665955062104658 ], [ 9.355943835479454, 45.666539577770806 ], [ 9.355998377382583, 45.66704345775355 ], [ 9.356259051871108, 45.66741166843623 ], [ 9.35671156540516, 45.667410248333248 ], [ 9.357040584649548, 45.667413726389292 ], [ 9.357561990797755, 45.667374970686367 ], [ 9.357717443370413, 45.667332990016455 ], [ 9.358094744368556, 45.667230843399167 ], [ 9.358014065355418, 45.666673612642676 ], [ 9.35880522524741, 45.666620227063007 ], [ 9.359381505755156, 45.666558930718224 ], [ 9.359346537415643, 45.666398428180699 ], [ 9.36019473204566, 45.666425508615198 ], [ 9.359954480475755, 45.665986051866511 ], [ 9.359851718476751, 45.665831699124837 ], [ 9.359719236283823, 45.665382777240829 ], [ 9.359594476347292, 45.665386358111114 ], [ 9.359373854772041, 45.665363254900257 ], [ 9.358491065004284, 45.665379484743944 ], [ 9.35805482577252, 45.665416854504038 ], [ 9.358140782657278, 45.664804531658611 ], [ 9.358203233846787, 45.664534319400879 ], [ 9.359351036876971, 45.664447210957327 ], [ 9.359266725861083, 45.663198225952243 ], [ 9.3601732994939, 45.663076435595904 ], [ 9.360647928407607, 45.663055896007045 ], [ 9.360781259336903, 45.6630501105044 ], [ 9.360876656720784, 45.663040813721494 ], [ 9.361045054677849, 45.664138504310685 ], [ 9.36117907287033, 45.664133398439944 ], [ 9.364068950594971, 45.664022453637358 ], [ 9.364260804738089, 45.663900249196274 ], [ 9.364367932480011, 45.664089079073783 ], [ 9.364388605720189, 45.664305220569808 ], [ 9.364562266370294, 45.664351949060098 ], [ 9.364745970521808, 45.664459475864142 ], [ 9.364774376757765, 45.66454390972595 ], [ 9.364834435382257, 45.664722758934026 ], [ 9.365066716409773, 45.664897690673385 ], [ 9.365240361245283, 45.664937670220205 ], [ 9.365376609946962, 45.665153443753233 ], [ 9.365484114899489, 45.665396332410118 ], [ 9.365379818635358, 45.665646663597364 ], [ 9.365284853485486, 45.665856409591498 ], [ 9.365382016322902, 45.665984471192161 ], [ 9.365651765446094, 45.665997120269452 ], [ 9.365854545353741, 45.666077560873127 ], [ 9.365977874276991, 45.665786631951782 ], [ 9.365995955415208, 45.665604155045642 ], [ 9.365965918210133, 45.665428578438586 ], [ 9.365868622930964, 45.66528024146816 ], [ 9.365781196522951, 45.665165661211034 ], [ 9.365837926165293, 45.665003318838778 ], [ 9.365856315507026, 45.664868122558957 ], [ 9.365788177679221, 45.664760245588418 ], [ 9.365806392342218, 45.664598025630667 ], [ 9.365824474962885, 45.664415548708952 ], [ 9.365890121934751, 45.664145064567258 ], [ 9.365994703104422, 45.663935286300855 ], [ 9.366272768817069, 45.663745210146494 ], [ 9.366657131553817, 45.663608839797071 ], [ 9.366810506781826, 45.66350025227316 ], [ 9.366934618437949, 45.663330946781528 ], [ 9.367117043034156, 45.663242523818852 ], [ 9.367319109198656, 45.663214831166847 ], [ 9.367367889509067, 45.663309277180829 ], [ 9.367531857371894, 45.663349284372416 ], [ 9.36775412310624, 45.663463429357442 ], [ 9.36792838507823, 45.663598005699768 ], [ 9.36801594625293, 45.66373286109507 ], [ 9.368103552061553, 45.663874462436148 ], [ 9.368210030208354, 45.663955191136075 ], [ 9.368364821319544, 45.664062805312049 ], [ 9.368547423340793, 45.6640014037472 ], [ 9.368700708433861, 45.663879283860162 ], [ 9.368765615639742, 45.663500673744444 ], [ 9.369247326530472, 45.663539599296023 ], [ 9.369469196518187, 45.662609768673398 ], [ 9.369558210962142, 45.662237436479991 ], [ 9.369365975929071, 45.661770090535271 ], [ 9.369089035288695, 45.661096830155245 ], [ 9.369162565901236, 45.660441536949861 ], [ 9.369203832233239, 45.660073660695218 ], [ 9.369728829627118, 45.658622982878292 ], [ 9.369589497202266, 45.658382063180035 ], [ 9.369487854793878, 45.658339717841621 ], [ 9.369441242491046, 45.658299223270411 ], [ 9.369443867015272, 45.658258567667723 ], [ 9.36935353705258, 45.658177567310418 ], [ 9.369292242350141, 45.658106629631895 ], [ 9.36929763731322, 45.658047680668759 ], [ 9.369553482115473, 45.657822367565281 ], [ 9.369790336163295, 45.657647789463333 ], [ 9.36982658481533, 45.657611671265641 ], [ 9.370452146150406, 45.656796154789106 ], [ 9.370539423579141, 45.656682409206553 ], [ 9.371304887532965, 45.6559778759338 ], [ 9.371955938644662, 45.655444702687042 ], [ 9.372032902037837, 45.655362776172645 ], [ 9.372076416768854, 45.655312003531179 ], [ 9.372101569402407, 45.655285228558597 ], [ 9.372148498310336, 45.655236033426448 ], [ 9.372179665390519, 45.655206549376963 ], [ 9.372287234931624, 45.655092536497982 ], [ 9.373053445604853, 45.655243300695531 ], [ 9.373456610367219, 45.655322627893021 ], [ 9.374314555046462, 45.655625855883933 ], [ 9.374537312234452, 45.655706123052639 ], [ 9.374733049597779, 45.65582700943942 ], [ 9.375104403746141, 45.656055317122515 ], [ 9.376053978250788, 45.656699933789952 ], [ 9.376291123353562, 45.656859788252504 ], [ 9.376625848056225, 45.657085417716281 ], [ 9.376880018005982, 45.657261984379261 ], [ 9.377184355040866, 45.65747340101732 ], [ 9.377227149020126, 45.657508807839335 ], [ 9.377758032143854, 45.657922607661064 ], [ 9.377877014686701, 45.658005232980273 ], [ 9.37793571624708, 45.65804666971745 ], [ 9.378095930202882, 45.65816992972956 ], [ 9.378149022378393, 45.658210717954461 ], [ 9.378884922810904, 45.658778963114315 ], [ 9.379026718237471, 45.658888235201928 ], [ 9.379131319859784, 45.658965203949066 ], [ 9.379277812636481, 45.659088316100053 ], [ 9.37950288527214, 45.659272065263707 ], [ 9.379850951712131, 45.659495928897499 ], [ 9.379959477195461, 45.659512198048695 ], [ 9.380007680351889, 45.659519423850057 ], [ 9.380263358306355, 45.65955774046985 ], [ 9.380541590514028, 45.65959715330785 ], [ 9.380621884753735, 45.659610379953811 ], [ 9.381046273246652, 45.659725982184995 ], [ 9.38143322653201, 45.660003703092251 ], [ 9.382093123175569, 45.659953621336555 ], [ 9.382137890382362, 45.659950224982587 ], [ 9.382312744077675, 45.659935551788543 ], [ 9.382454057171142, 45.659925812390412 ], [ 9.38249981765367, 45.659922764504095 ], [ 9.382549416286333, 45.659918986376688 ], [ 9.382674551218736, 45.660113391484337 ], [ 9.382778890486902, 45.660275492639066 ], [ 9.383269617384213, 45.661039829966711 ], [ 9.383348208905391, 45.661162414858474 ], [ 9.383437005967512, 45.661298575679098 ], [ 9.383528539778039, 45.661438811841457 ], [ 9.383633223402393, 45.661598921827519 ], [ 9.383667587934791, 45.66165154080656 ], [ 9.383728290772883, 45.661739904731341 ], [ 9.383963545641809, 45.662119431347833 ], [ 9.384079705218527, 45.662254955127239 ], [ 9.384215155839396, 45.662420813491664 ], [ 9.384844184736526, 45.663171348261521 ], [ 9.38527085647938, 45.663681245751278 ], [ 9.385696467242763, 45.663976809920122 ], [ 9.38612334845266, 45.664452412797054 ], [ 9.387066769550275, 45.665367309103701 ], [ 9.387197731451867, 45.66551522319984 ], [ 9.387519624014619, 45.665878832960694 ], [ 9.388229942823534, 45.666497470164245 ], [ 9.388628970664758, 45.666908277108931 ], [ 9.388971291390135, 45.667422031509489 ], [ 9.389259709971908, 45.667475060714075 ], [ 9.391037678777483, 45.667441574947212 ], [ 9.391861159886414, 45.667426010826567 ], [ 9.392177458646946, 45.667420040705359 ], [ 9.392681013775704, 45.667832348550924 ], [ 9.392297284386705, 45.668031681594464 ], [ 9.393629771830735, 45.669485237055596 ], [ 9.39463087572855, 45.669445782591445 ], [ 9.394864360257928, 45.669787011671801 ], [ 9.395019419466646, 45.669930479680183 ], [ 9.395075245729169, 45.669975891353957 ], [ 9.395867998752324, 45.670107548164331 ], [ 9.395699381556675, 45.6697481037545 ], [ 9.395281481032141, 45.668858486564744 ], [ 9.395860690625105, 45.668730468837296 ], [ 9.396447945557178, 45.668602420251645 ], [ 9.396630534887937, 45.669006809585646 ], [ 9.397071434072636, 45.668951286304662 ], [ 9.397135939118186, 45.668949245715645 ], [ 9.397532556320362, 45.669489699043261 ], [ 9.397885247596928, 45.670343534248268 ], [ 9.397829399475381, 45.670465208990578 ], [ 9.39779467806483, 45.670545361134444 ], [ 9.397757885447355, 45.670625659091215 ], [ 9.397657663701784, 45.670839375409599 ], [ 9.397996295696915, 45.671522250600212 ], [ 9.399676970817442, 45.671354370322831 ], [ 9.400588426103834, 45.671342182570626 ], [ 9.400963302468435, 45.671700894153481 ], [ 9.401748114437721, 45.671932152408182 ], [ 9.402477516782085, 45.671596562865126 ], [ 9.402636165015549, 45.671523450543837 ], [ 9.402747910419457, 45.671471467281556 ], [ 9.40292573240985, 45.67138920598466 ], [ 9.403398886915888, 45.671170301174271 ], [ 9.404217599038724, 45.670928502684887 ], [ 9.404442955010696, 45.671199228957391 ], [ 9.404762974869538, 45.671615523512543 ], [ 9.404837866062387, 45.671722376594403 ], [ 9.40494682294613, 45.671879098807302 ], [ 9.404986851289237, 45.671933846014745 ], [ 9.405012826290131, 45.671970970724203 ], [ 9.405398583098419, 45.672522313421247 ], [ 9.406249260284801, 45.672978325960536 ], [ 9.40710893345581, 45.672903264246351 ], [ 9.407681796654174, 45.673999330707083 ], [ 9.408259817893844, 45.674033268252025 ], [ 9.408380001485625, 45.674671895607233 ], [ 9.409406284351189, 45.674551205826084 ], [ 9.409618065491758, 45.675423519685893 ], [ 9.410067048206537, 45.675367916435029 ], [ 9.410275185073896, 45.675736191948694 ], [ 9.411481010610245, 45.675587851357797 ], [ 9.412015267106575, 45.676657011349484 ], [ 9.413040982296572, 45.676455294057263 ], [ 9.413365611719611, 45.676949155603189 ], [ 9.414440889258552, 45.676504234859031 ], [ 9.414024915319294, 45.675812675822037 ], [ 9.414383089545671, 45.675631353684189 ], [ 9.413780939950678, 45.674067396614184 ], [ 9.413186839651486, 45.673592502736035 ], [ 9.41304447193364, 45.67347295408937 ], [ 9.412950497332115, 45.673398846742622 ], [ 9.412917419162948, 45.673367341757874 ], [ 9.412695131347803, 45.673177904441864 ], [ 9.41250028860366, 45.672757957096579 ], [ 9.414418358636741, 45.673444083154216 ], [ 9.414867493094071, 45.673415448662062 ], [ 9.415259376877213, 45.672585947842371 ], [ 9.415721228723715, 45.672539272827812 ], [ 9.41652912943594, 45.672410317089394 ], [ 9.416576406756271, 45.671861098934301 ], [ 9.417050773617476, 45.671769356856792 ], [ 9.41648701776159, 45.670196276454909 ], [ 9.41618688581679, 45.669540302952221 ], [ 9.416506163120733, 45.669314119380708 ], [ 9.417031789474029, 45.669213194975327 ], [ 9.418081403826891, 45.668795320332094 ], [ 9.417819549897711, 45.668112224447619 ], [ 9.417840572663087, 45.667923367709122 ], [ 9.417849496242011, 45.66785054679405 ], [ 9.417857140243232, 45.667787784535257 ], [ 9.419667887608192, 45.667416918724925 ], [ 9.420406081326027, 45.667211663332012 ], [ 9.421302578249843, 45.666920363367822 ], [ 9.420808198083506, 45.666049100322738 ], [ 9.42049680341818, 45.66561814981749 ], [ 9.420302637505836, 45.665402840518666 ], [ 9.420097375972377, 45.665313601996345 ], [ 9.419890510334998, 45.665224350997882 ], [ 9.419819007596674, 45.665211101654442 ], [ 9.419286244019268, 45.66510055708995 ], [ 9.419079766924812, 45.664957293415242 ], [ 9.418845147827628, 45.664481108071548 ], [ 9.419087760620553, 45.664309209708357 ], [ 9.419278289804856, 45.664250002195999 ], [ 9.420073970304268, 45.66400856581506 ], [ 9.420032427438116, 45.663603676184728 ], [ 9.419643712595498, 45.663119064233626 ], [ 9.419038393777569, 45.662851250609549 ], [ 9.418882663285036, 45.662626802327921 ], [ 9.418782894510063, 45.66247866611414 ], [ 9.418610079826642, 45.662222776076213 ], [ 9.418987683007227, 45.662185391012095 ], [ 9.419201713816861, 45.662162098246974 ], [ 9.419623418751147, 45.66212005150571 ], [ 9.419672095644778, 45.662171488273778 ], [ 9.42068440851196, 45.663241248246997 ], [ 9.421221413226975, 45.662960231389334 ], [ 9.420519862203745, 45.661837726990591 ], [ 9.420967626700859, 45.661638061171637 ], [ 9.421094672300288, 45.661616520989618 ], [ 9.421672760342116, 45.661518456403037 ], [ 9.421576964337094, 45.660726732883127 ], [ 9.423074325664217, 45.660136149825142 ], [ 9.42247578442695, 45.659058261808838 ], [ 9.423550486233095, 45.65859524611335 ], [ 9.423547624482936, 45.658508504344859 ], [ 9.423533857144893, 45.65809125700369 ], [ 9.423502190606401, 45.658032054025504 ], [ 9.423130263819047, 45.657336694757632 ], [ 9.422636443755923, 45.65651950266404 ], [ 9.423225376028613, 45.656319321675241 ], [ 9.424133930916623, 45.655955923682534 ], [ 9.425196642582712, 45.655609936682822 ], [ 9.425735838554569, 45.655625918690973 ], [ 9.426440845438391, 45.655506291125768 ], [ 9.426463930244232, 45.655164167337482 ], [ 9.426191193676281, 45.654742151123564 ], [ 9.426008643588357, 45.654364793444074 ], [ 9.426560791310093, 45.654398733156953 ], [ 9.427175870073961, 45.654270422367155 ], [ 9.427288585293326, 45.653900976667209 ], [ 9.427272336367171, 45.653450997050847 ], [ 9.427553656155442, 45.653314917585071 ], [ 9.428031388189392, 45.653691167297239 ], [ 9.428316342651152, 45.654032136116854 ], [ 9.428909058080778, 45.654335949190418 ], [ 9.428982803997284, 45.654275713724175 ], [ 9.429840238288362, 45.653576406436301 ], [ 9.431415456271036, 45.653138377079344 ], [ 9.431842527664067, 45.653595819251322 ], [ 9.435016397049216, 45.652422656449978 ], [ 9.43471739910578, 45.651928757672266 ], [ 9.437445885338004, 45.651261272340264 ], [ 9.437230519150166, 45.649974982088267 ], [ 9.437768402080872, 45.649828917667506 ], [ 9.43810837725265, 45.650637683115654 ], [ 9.439621694216926, 45.650496861538542 ], [ 9.440301588309744, 45.650458242274716 ], [ 9.440308066808187, 45.649648128761598 ], [ 9.440949375628623, 45.649600658837983 ], [ 9.441237780845396, 45.650373614035601 ], [ 9.442469081948763, 45.650278840025656 ], [ 9.443560136682965, 45.650301613598444 ], [ 9.44448406537273, 45.650289027097607 ], [ 9.445329298614595, 45.650060715523722 ], [ 9.446021294565647, 45.649932002398209 ], [ 9.44643096040758, 45.649804389601783 ], [ 9.446840876565577, 45.649703809470985 ], [ 9.446576333758495, 45.650334870259407 ], [ 9.447516196971513, 45.650709213284529 ], [ 9.448135493497112, 45.651120824491379 ], [ 9.448314176002004, 45.651246923650284 ], [ 9.448871304130904, 45.651640094306465 ], [ 9.449633401331122, 45.652249152377799 ], [ 9.450265655709195, 45.65266969643087 ], [ 9.450858448850349, 45.652973395404914 ], [ 9.451962145560897, 45.653662086460287 ], [ 9.452415478055894, 45.653988889698489 ], [ 9.452471275040271, 45.654029113356728 ], [ 9.453129224159106, 45.654449540567718 ], [ 9.453676592807732, 45.653889325135857 ], [ 9.454244199021064, 45.654247098384268 ], [ 9.455199556228948, 45.654936346839598 ], [ 9.455666923705689, 45.655591553573451 ], [ 9.455390037065193, 45.656267717543251 ], [ 9.45501127588355, 45.657043294581598 ], [ 9.455116342334737, 45.657348847026242 ], [ 9.455195489152569, 45.657600622395037 ], [ 9.456023946632039, 45.658461397750372 ], [ 9.456217127979286, 45.658607497603725 ], [ 9.457444621061764, 45.659535802344045 ], [ 9.459586194450884, 45.660859335924798 ], [ 9.461276113179212, 45.661878618078866 ], [ 9.463519611019532, 45.663084647139357 ], [ 9.464447689434605, 45.663572144313164 ], [ 9.465014934342227, 45.663870452811373 ], [ 9.465491888611911, 45.664111521660978 ], [ 9.465475498368912, 45.664181858330927 ], [ 9.465446425941531, 45.664305436480234 ], [ 9.465306161909291, 45.664904548475178 ], [ 9.470219568761626, 45.666054544444819 ], [ 9.470707820586098, 45.666611212053773 ], [ 9.471411954217679, 45.667413194225659 ], [ 9.471722134037138, 45.667659440713742 ], [ 9.471852101540311, 45.667847923308017 ], [ 9.472249081632448, 45.667729265308374 ], [ 9.472923955863994, 45.667456458084949 ], [ 9.475716589348318, 45.667885907459464 ], [ 9.476140622739901, 45.667929136364087 ], [ 9.476296645637426, 45.668162501581349 ], [ 9.476416090635322, 45.668599125680103 ], [ 9.476461317047349, 45.668764708894187 ], [ 9.476468696897346, 45.668791700543863 ], [ 9.476521843061132, 45.669015783388204 ], [ 9.476562458876362, 45.669210288490149 ], [ 9.476575450573982, 45.669268308838525 ], [ 9.477035935277071, 45.669068384832343 ], [ 9.477279526117686, 45.668910563194991 ], [ 9.477332676723154, 45.668876805673747 ], [ 9.477700415663866, 45.668705559797488 ], [ 9.478046248123224, 45.668614101754038 ], [ 9.478584509379044, 45.668503825960379 ], [ 9.478994772807789, 45.668439101341519 ], [ 9.479404957190205, 45.668365378304379 ], [ 9.479853812178442, 45.66830950212681 ], [ 9.48017420986514, 45.668245148892787 ], [ 9.480443028248759, 45.668154008153742 ], [ 9.480929625871944, 45.668007937748811 ], [ 9.481352557187924, 45.667925159474756 ], [ 9.481660197056256, 45.667869852197327 ], [ 9.48203193604448, 45.667805278177539 ], [ 9.482493924002245, 45.667785318113374 ], [ 9.482865505481804, 45.667702751091745 ], [ 9.483237627836081, 45.667683167811603 ], [ 9.483712314741682, 45.667645158150236 ], [ 9.484223045142318, 45.667417974422577 ], [ 9.485185270668167, 45.667415341116865 ], [ 9.485599924176626, 45.667416648661394 ], [ 9.486121859039184, 45.66718491106927 ], [ 9.486566927631069, 45.666696976140429 ], [ 9.487065130878161, 45.664930695955825 ], [ 9.487190539699425, 45.664588152007759 ], [ 9.487391257214888, 45.664047247413926 ], [ 9.48748620705056, 45.663155758399199 ], [ 9.487409288037639, 45.66303127582691 ], [ 9.487347802080796, 45.662942338466635 ], [ 9.487264961066192, 45.662814632635595 ], [ 9.486877389915358, 45.662528259398947 ], [ 9.486884913231959, 45.661916174292443 ], [ 9.487235345170824, 45.66087957284077 ], [ 9.488026598192366, 45.659707670373926 ], [ 9.488167208678595, 45.659326790112083 ], [ 9.488166137922155, 45.659261918968426 ], [ 9.488163459796349, 45.659227439899226 ], [ 9.488277838995586, 45.658237940342509 ], [ 9.488614612836392, 45.65711139962206 ], [ 9.488489329614316, 45.655986834325617 ], [ 9.48839258771072, 45.655875313701621 ], [ 9.487905872289236, 45.655314243312212 ], [ 9.486576591313066, 45.65447382379449 ], [ 9.485895573405829, 45.65392540738975 ], [ 9.485542601642942, 45.653641149355749 ], [ 9.485482481541686, 45.653478801806827 ], [ 9.485465813767663, 45.653454208371407 ], [ 9.485441169169475, 45.653413259990785 ], [ 9.485293659753239, 45.653048167526016 ], [ 9.485732646618873, 45.652330741977295 ], [ 9.485812550203109, 45.652199891844909 ], [ 9.486769779109595, 45.651583762194662 ], [ 9.488611623969835, 45.650864838050595 ], [ 9.489837875597964, 45.650570174441313 ], [ 9.490327782159307, 45.650452440890305 ], [ 9.491686075957521, 45.650212586684823 ], [ 9.493134718522372, 45.650035314690328 ], [ 9.494310947359756, 45.649526197730552 ], [ 9.494895884875017, 45.648911591928837 ], [ 9.495009031443518, 45.648641099705131 ], [ 9.495084272235486, 45.648442740192323 ], [ 9.495179394154228, 45.647587242519577 ], [ 9.495387876230385, 45.646488241141988 ], [ 9.495745643491192, 45.644857535782172 ], [ 9.495848968667467, 45.643479957333 ], [ 9.495863130392292, 45.642174769248335 ], [ 9.495902621239676, 45.640833469038562 ], [ 9.49585467569457, 45.639762582897681 ], [ 9.495852141866335, 45.639659054494594 ], [ 9.495835183650247, 45.639006590045298 ], [ 9.496084791494621, 45.6382134260584 ], [ 9.4960205984754, 45.637386687244422 ], [ 9.49598346140584, 45.636908737317746 ], [ 9.495625078380497, 45.635551171621202 ], [ 9.495314197629444, 45.633761347567621 ], [ 9.49554655202906, 45.632464223712184 ], [ 9.496987990070872, 45.63152185859542 ], [ 9.499623466800726, 45.630691293958797 ], [ 9.50193689085542, 45.629718061648525 ], [ 9.504392233259631, 45.628843163425323 ], [ 9.506335430722368, 45.628087482990779 ], [ 9.507663517382126, 45.627571124851571 ], [ 9.508677807592024, 45.627176747121354 ], [ 9.508841045747353, 45.627113258382799 ], [ 9.510862323618408, 45.626492179627803 ], [ 9.512590967716973, 45.626142396858995 ], [ 9.513546938989011, 45.625934277956532 ], [ 9.513840941582355, 45.62587067569995 ], [ 9.51423661923274, 45.625783618539337 ], [ 9.514836242364415, 45.625655919011308 ], [ 9.515158231302433, 45.625592235837807 ], [ 9.515206105742646, 45.625575780435788 ], [ 9.515433179214467, 45.625526551576698 ], [ 9.515611279003945, 45.625456732232031 ], [ 9.515776507379149, 45.625392042754683 ], [ 9.517733923230246, 45.62462502716059 ], [ 9.518682638780117, 45.623804544792499 ], [ 9.518942875134087, 45.623575433747213 ], [ 9.519904030587513, 45.622085924108092 ], [ 9.520004141983437, 45.621815431849434 ], [ 9.52035539279723, 45.620837650495879 ], [ 9.520454321869922, 45.620562256749373 ], [ 9.520618483348017, 45.618896344913296 ], [ 9.520083473926139, 45.617908683028645 ], [ 9.518543656097327, 45.616448534863089 ], [ 9.517802164379566, 45.615317794384495 ], [ 9.517739519532139, 45.614084946595582 ], [ 9.517805663001331, 45.614052234341138 ], [ 9.518126446050164, 45.613893578068634 ], [ 9.518786437584092, 45.613567146666895 ], [ 9.519620797057303, 45.613644371331603 ], [ 9.519856133885714, 45.614129345430484 ], [ 9.519786991775813, 45.6150793200122 ], [ 9.519783332870123, 45.615128777138217 ], [ 9.51979169964863, 45.615207263450905 ], [ 9.519796100028262, 45.6152483355146 ], [ 9.519822721789193, 45.615358312329043 ], [ 9.519856375066519, 45.615490244683336 ], [ 9.520071076268907, 45.616567604897384 ], [ 9.520909897575754, 45.617121848781707 ], [ 9.521541252044795, 45.616927173041972 ], [ 9.522446819296501, 45.616647936204181 ], [ 9.522687651042419, 45.616573672960648 ], [ 9.522925116174845, 45.616212207617544 ], [ 9.52354764485704, 45.615264604735486 ], [ 9.52374113936815, 45.614374156376961 ], [ 9.52374582133101, 45.614219215749898 ], [ 9.523758319441439, 45.614145863612087 ], [ 9.523760081880335, 45.614030289472709 ], [ 9.523755831654803, 45.613853677665197 ], [ 9.523742302420825, 45.613686185865006 ], [ 9.523730601034018, 45.613571893073647 ], [ 9.523714734997395, 45.6134775520052 ], [ 9.52370182022395, 45.613399202017078 ], [ 9.523702074851252, 45.613371440977673 ], [ 9.523716094012308, 45.613222311746668 ], [ 9.523726135277574, 45.613116238856932 ], [ 9.523728200669121, 45.613065310933877 ], [ 9.523728484442962, 45.613012573883573 ], [ 9.523728249024266, 45.612851009452037 ], [ 9.523726683012658, 45.61282110552618 ], [ 9.523716575871815, 45.612665181345733 ], [ 9.523788961599248, 45.612206080180499 ], [ 9.523812322075441, 45.611795322902992 ], [ 9.52390504210312, 45.611527497008062 ], [ 9.523934324704886, 45.611262122221298 ], [ 9.523985984745369, 45.611063900004282 ], [ 9.524040133701565, 45.61089087444963 ], [ 9.524072027607309, 45.610847870931536 ], [ 9.524382681276274, 45.61030810106444 ], [ 9.524410091167296, 45.610259880366655 ], [ 9.524617901669783, 45.609955921203863 ], [ 9.524726408527837, 45.609797992299654 ], [ 9.524947858593372, 45.60958890758868 ], [ 9.525193085084283, 45.609437126720813 ], [ 9.525258779819572, 45.609396406722816 ], [ 9.525373857589004, 45.609296574340206 ], [ 9.525708477171332, 45.609053053760469 ], [ 9.526978721711382, 45.607751080160185 ], [ 9.528030821026217, 45.60644108617899 ], [ 9.528102107155311, 45.606296291009727 ], [ 9.528181844490378, 45.606134349464504 ], [ 9.528584406190156, 45.605304447214941 ], [ 9.528624549663633, 45.605200584611914 ], [ 9.528645218031228, 45.605146988063005 ], [ 9.528729705640151, 45.604932874258942 ], [ 9.528751516771388, 45.604887098748804 ], [ 9.528763931456242, 45.604851632341983 ], [ 9.528783485810049, 45.604789501693958 ], [ 9.529006404747914, 45.604211834582692 ], [ 9.529032134323371, 45.604145198202197 ], [ 9.529047601137203, 45.604105146928575 ], [ 9.529412429518249, 45.603356388117689 ], [ 9.529853426853808, 45.602526256051831 ], [ 9.530045687042819, 45.602180485253449 ], [ 9.530345188897119, 45.601641877002557 ], [ 9.530772665986644, 45.600739802333365 ], [ 9.531174645494504, 45.599855853652315 ], [ 9.531550447541353, 45.598917996804985 ], [ 9.531863501202787, 45.598124471738586 ], [ 9.531960026529351, 45.597484956619589 ], [ 9.532005373337201, 45.59713649987583 ], [ 9.532079582018117, 45.596566314189829 ], [ 9.532475212515376, 45.595016319126501 ], [ 9.532670476610647, 45.593971293541458 ], [ 9.532719200062099, 45.59370104730116 ], [ 9.532779687173401, 45.593407592003601 ], [ 9.532903082120372, 45.592809108194892 ], [ 9.532974376551085, 45.59221469630446 ], [ 9.53313829923365, 45.591925907578783 ], [ 9.533643413130394, 45.591113471850434 ], [ 9.533867622598319, 45.59041934459281 ], [ 9.534252371711609, 45.589085419305086 ], [ 9.534729173252064, 45.587994076060248 ], [ 9.535246012732841, 45.587073554927144 ], [ 9.535584764210457, 45.586366297355212 ], [ 9.535660834056451, 45.586207520265383 ], [ 9.536058098086452, 45.585878417052541 ], [ 9.536436678911645, 45.585564811699861 ], [ 9.538338159759492, 45.584084212547978 ], [ 9.538508538375634, 45.583718859581566 ], [ 9.538543641818775, 45.583367675372969 ], [ 9.538558172186899, 45.583217302583051 ], [ 9.538601960579916, 45.582764341641166 ], [ 9.538597683194972, 45.582314337286078 ], [ 9.538582378435663, 45.582053368364313 ], [ 9.538572561791732, 45.581959488172139 ], [ 9.538548004825758, 45.581724908817272 ], [ 9.538525941808475, 45.581513586212246 ], [ 9.538324625999845, 45.580569426720437 ], [ 9.538022358894237, 45.579787776731969 ], [ 9.537412574740936, 45.579016550573009 ], [ 9.536227238404237, 45.578374056474956 ], [ 9.534841264136125, 45.577208382652863 ], [ 9.534801182751432, 45.577174567149342 ], [ 9.534771989420433, 45.577088472237342 ], [ 9.534629025521804, 45.576095282798484 ], [ 9.534616555943366, 45.574781202521862 ], [ 9.534765324446047, 45.574249442112176 ], [ 9.534799392389402, 45.573790240211402 ], [ 9.534780091555668, 45.573106246241771 ], [ 9.534711752353427, 45.572656519270758 ], [ 9.534627591805625, 45.571891830260782 ], [ 9.534609148055287, 45.571297863028526 ], [ 9.534589936169798, 45.570622881946434 ], [ 9.534479199978534, 45.569759307366539 ], [ 9.533879992361376, 45.568736000596566 ], [ 9.532586705047523, 45.567490904503423 ], [ 9.531416392028422, 45.566616455786942 ], [ 9.530767056918805, 45.566131261082532 ], [ 9.53040608975539, 45.565858178296594 ], [ 9.530318040839846, 45.565810852782569 ], [ 9.529268923877547, 45.565246947248468 ], [ 9.528306320006561, 45.564729521972232 ], [ 9.528194739448788, 45.564657556179554 ], [ 9.525845171951127, 45.563141858994868 ], [ 9.525521671780837, 45.562933163444278 ], [ 9.524818190719644, 45.561694258942616 ], [ 9.524711070422974, 45.559822555903558 ], [ 9.525008270725042, 45.55871406228794 ], [ 9.526235270030432, 45.557016228798609 ], [ 9.52694265392242, 45.555932864032989 ], [ 9.527881101962064, 45.554902401966523 ], [ 9.528067745856376, 45.554453583759653 ], [ 9.528432408641565, 45.553576703957795 ], [ 9.528276238855234, 45.553316401907054 ], [ 9.52796599398199, 45.552828716022461 ], [ 9.527926381136719, 45.552771482246499 ], [ 9.52791129613626, 45.552743922310633 ], [ 9.527625364619974, 45.552221281786984 ], [ 9.527234231481527, 45.551494003630751 ], [ 9.526594816439069, 45.550245815341576 ], [ 9.526045772258781, 45.549069211994862 ], [ 9.526022391237632, 45.547935201603096 ], [ 9.526026966039678, 45.547053074154917 ], [ 9.526054567921166, 45.54589182357865 ], [ 9.526333576257407, 45.544216339154374 ], [ 9.526755454748811, 45.542756241324703 ], [ 9.527242292419794, 45.541394833799089 ], [ 9.527349780424053, 45.541211556361233 ], [ 9.527693742750188, 45.54062504011371 ], [ 9.527739258890911, 45.540548327878959 ], [ 9.527754325204389, 45.54052510389932 ], [ 9.527986195864463, 45.540131253247047 ], [ 9.528265340419161, 45.539544692700176 ], [ 9.528325338954003, 45.539418608026793 ], [ 9.528389864062847, 45.53927751018189 ], [ 9.528915271206925, 45.538128738759674 ], [ 9.52903855609437, 45.537888550948388 ], [ 9.529274987672039, 45.537427976547526 ], [ 9.529299461869257, 45.5373807721802 ], [ 9.52940600516464, 45.537171358808152 ], [ 9.529456112033037, 45.53707310927625 ], [ 9.529619027074144, 45.536865818785813 ], [ 9.530329410435243, 45.535961926631799 ], [ 9.53138419065459, 45.535040721450912 ], [ 9.532184064981436, 45.534342123701279 ], [ 9.532493961891474, 45.534364261463615 ], [ 9.533132525655807, 45.53440987083701 ], [ 9.537461946223074, 45.534443660294002 ], [ 9.537729726365024, 45.531642970114888 ], [ 9.537404795598379, 45.531618417674693 ], [ 9.535820112398421, 45.531498895241967 ], [ 9.535127468663168, 45.530034989972023 ], [ 9.537001037905441, 45.529500343707348 ], [ 9.537372119123575, 45.529394401947641 ], [ 9.53793344337733, 45.529131102589297 ], [ 9.537983981549868, 45.529102283401819 ], [ 9.538533124962319, 45.529163983433016 ], [ 9.538682293109101, 45.528827521185612 ], [ 9.538707673311261, 45.528494234890132 ], [ 9.53874077132706, 45.528059251970646 ], [ 9.538135954385789, 45.52800136885223 ], [ 9.537861756968709, 45.528009793635746 ], [ 9.537682293118905, 45.528015744840019 ], [ 9.537607085144092, 45.527729090702643 ], [ 9.537071103282562, 45.525687390141911 ], [ 9.537186120522618, 45.525673176636332 ], [ 9.537413242647963, 45.525645266140884 ], [ 9.537918431450754, 45.525579880561828 ], [ 9.539095596932837, 45.525432480041204 ], [ 9.539055103690522, 45.524968880332516 ], [ 9.539051134101951, 45.524923034845614 ], [ 9.539172551092395, 45.524911812607343 ], [ 9.539685078060238, 45.524878333983175 ], [ 9.5398052271083, 45.52487353934972 ], [ 9.540546826316127, 45.524825825309129 ], [ 9.541819406151884, 45.524743943032689 ], [ 9.545114171941609, 45.524532129057206 ], [ 9.549162149248639, 45.524245363982487 ], [ 9.549426565089645, 45.524226921080114 ], [ 9.549718349010645, 45.524204896639219 ], [ 9.549765777546561, 45.524202463113305 ], [ 9.549979298702489, 45.524187565472126 ], [ 9.550294988909236, 45.524165480260855 ], [ 9.550297013207585, 45.524129341876041 ], [ 9.550340346714384, 45.523355902183027 ], [ 9.550940676934918, 45.523199985900767 ], [ 9.551562593750896, 45.521324776797904 ], [ 9.551203380196894, 45.521254508149134 ], [ 9.55146342790537, 45.519038980681209 ], [ 9.549940694095888, 45.519136335666495 ], [ 9.550048219095197, 45.518343721817935 ], [ 9.549867131117805, 45.518155588286689 ], [ 9.549199257727246, 45.517942770964382 ], [ 9.549285025345647, 45.517546301435971 ], [ 9.549152202184681, 45.517051891328258 ], [ 9.548432435932467, 45.516767315419592 ], [ 9.546817346181955, 45.516577039183431 ], [ 9.546860534234259, 45.515748733284255 ], [ 9.547887112876642, 45.51598684957586 ], [ 9.548175140892107, 45.515328346519141 ], [ 9.547506502309664, 45.51503448490201 ], [ 9.547221364773995, 45.514675794775592 ], [ 9.547317756443352, 45.514054268307412 ], [ 9.547923951285419, 45.513196256579342 ], [ 9.548001093878362, 45.513042831448111 ], [ 9.548017469903368, 45.513010263335282 ], [ 9.548105844621812, 45.512834508264014 ], [ 9.548141758282707, 45.512765245119347 ], [ 9.54825055234093, 45.512546638409788 ], [ 9.548664698179275, 45.511689544118184 ], [ 9.549621319368526, 45.510010754849127 ], [ 9.5505675661061, 45.509898191638996 ], [ 9.550488908378011, 45.50964093507784 ], [ 9.550435103560547, 45.509464972992163 ], [ 9.550370452767662, 45.509253482576284 ], [ 9.550355966487549, 45.509206088525822 ], [ 9.550342237484758, 45.509163097776828 ], [ 9.550305593005412, 45.50904834791924 ], [ 9.550197565196616, 45.508709993823956 ], [ 9.550174249214336, 45.508638746978995 ], [ 9.550153103759422, 45.508574130707402 ], [ 9.549738528825648, 45.507571033527562 ], [ 9.549327066228653, 45.507383989269606 ], [ 9.548749390812629, 45.50721575159173 ], [ 9.547185948131997, 45.5070432245302 ], [ 9.546608744043773, 45.506980197884801 ], [ 9.545289390483665, 45.506836266715268 ], [ 9.54377883946372, 45.506834471908604 ], [ 9.543110603599082, 45.506567609023598 ], [ 9.54249125810421, 45.506318903851557 ], [ 9.541427160674365, 45.505891516500881 ], [ 9.541399590721275, 45.505684631918996 ], [ 9.541798577600277, 45.505132468465995 ], [ 9.541993351655377, 45.504862721084926 ], [ 9.541734403961039, 45.504557905479125 ], [ 9.54116827867419, 45.504254562078124 ], [ 9.54099609223967, 45.503652303402191 ], [ 9.541554231952663, 45.501786441101302 ], [ 9.541222072643256, 45.501497343393282 ], [ 9.540574725845234, 45.501722235538914 ], [ 9.538722361144066, 45.502302005464593 ], [ 9.536148371008796, 45.50309497005621 ], [ 9.53575646325077, 45.503216559999849 ], [ 9.534909995364252, 45.503479161168151 ], [ 9.534181309859518, 45.503705297974918 ], [ 9.53294434155139, 45.504089122706574 ], [ 9.532648009878713, 45.504181078819443 ], [ 9.532264461715183, 45.504303393672835 ], [ 9.53024968109348, 45.504945644691773 ], [ 9.528006816843607, 45.505619942418207 ], [ 9.527920952881727, 45.505647325579446 ], [ 9.527108903290696, 45.505906210999434 ], [ 9.526072645346662, 45.506236452880081 ], [ 9.525959280098174, 45.506272631106341 ], [ 9.524486978012586, 45.506740328919264 ], [ 9.524376603263175, 45.506438127613599 ], [ 9.524237381266033, 45.506191103202845 ], [ 9.523972090441479, 45.506054728213407 ], [ 9.522503418938983, 45.505861941970252 ], [ 9.522159842571575, 45.505719026864995 ], [ 9.522171904005804, 45.505784412663289 ], [ 9.52241176477019, 45.507069118571124 ], [ 9.522478052550779, 45.5073480745585 ], [ 9.520761766550361, 45.507875332013775 ], [ 9.520468951970386, 45.507938586234737 ], [ 9.520093474862881, 45.508050368544772 ], [ 9.519585436561551, 45.508324160008435 ], [ 9.518664683221514, 45.508427355099052 ], [ 9.518015401959053, 45.508167262298784 ], [ 9.517968709079618, 45.508092959993192 ], [ 9.517942750992779, 45.508052578918239 ], [ 9.51788916666316, 45.50796732464859 ], [ 9.517840462601059, 45.507891024154482 ], [ 9.517783717241199, 45.507538039266421 ], [ 9.517772569078906, 45.507468290538739 ], [ 9.517782969155812, 45.507207215127842 ], [ 9.517805610141128, 45.506883075401078 ], [ 9.517866467280124, 45.506540753837406 ], [ 9.517952935103304, 45.506198315195199 ], [ 9.518241991700023, 45.505611940444879 ], [ 9.5185953629636, 45.50506127386582 ], [ 9.519186984464614, 45.504477972721354 ], [ 9.519352043012827, 45.501052280674692 ], [ 9.518589374131322, 45.501075800246248 ], [ 9.518408667109968, 45.501082657570308 ], [ 9.517978057261077, 45.501098984948676 ], [ 9.517570842593029, 45.50147848618974 ], [ 9.517163335556974, 45.501858245609483 ], [ 9.517057403402625, 45.501803762412599 ], [ 9.516982841036853, 45.501759807094857 ], [ 9.516398484992008, 45.501413251145593 ], [ 9.516362147372398, 45.50139173076947 ], [ 9.515484834660311, 45.500871773820627 ], [ 9.514959676584317, 45.501094653361562 ], [ 9.514229521167801, 45.501404736638328 ], [ 9.513609454622797, 45.500754244345472 ], [ 9.513408380376973, 45.50054811304102 ], [ 9.512402527538558, 45.499724529033301 ], [ 9.511693267019851, 45.499142644085467 ], [ 9.510300019109462, 45.497933730479744 ], [ 9.509669469576741, 45.497558496670031 ], [ 9.508332837599578, 45.496943386292465 ], [ 9.507175737422612, 45.49636344710796 ], [ 9.506605897109203, 45.495618892260303 ], [ 9.507022089095225, 45.494932969165717 ], [ 9.5072825245277, 45.494004701626942 ], [ 9.506940051026469, 45.49360246820671 ], [ 9.506850585968561, 45.493506727519645 ], [ 9.506829903904235, 45.493484600846159 ], [ 9.505353488265952, 45.492969085298853 ], [ 9.503596471380993, 45.492553797145469 ], [ 9.50156950876778, 45.492004656580342 ], [ 9.50072202993352, 45.491435720373858 ], [ 9.500578152563364, 45.491333907937502 ], [ 9.500422523176157, 45.491093611827274 ], [ 9.500254660877738, 45.490833255987496 ], [ 9.499812605763216, 45.490149122086912 ], [ 9.4992355562007, 45.488567463398624 ], [ 9.498991725761229, 45.4876556464922 ], [ 9.498878316062502, 45.487236885789741 ], [ 9.498940817069952, 45.486885969860367 ], [ 9.499097576757775, 45.48598475923626 ], [ 9.499243984389942, 45.485538563643949 ], [ 9.499396653006313, 45.485074348928528 ], [ 9.499443219260858, 45.484552068763776 ], [ 9.498902041591753, 45.484079887763322 ], [ 9.497678814777544, 45.483263638750863 ], [ 9.496770581549766, 45.483294599364797 ], [ 9.495375984094677, 45.483309651712979 ], [ 9.494953483805613, 45.483284477021961 ], [ 9.494613960263955, 45.48250285959891 ], [ 9.494145940524874, 45.48165877172012 ], [ 9.493764983328454, 45.480526288709761 ], [ 9.493870606306498, 45.479436698322829 ], [ 9.493801640455668, 45.479229961393557 ], [ 9.493568409235218, 45.478528881433547 ], [ 9.493343437978652, 45.477674761449144 ], [ 9.493537570051716, 45.477262636575233 ], [ 9.493637445553349, 45.477059234761519 ], [ 9.493682489202584, 45.476962888618992 ], [ 9.493730080120107, 45.476870502766246 ], [ 9.493808540162162, 45.476727592154589 ], [ 9.494170432327991, 45.4756818922015 ], [ 9.493308072266407, 45.47509155627958 ], [ 9.492589434158258, 45.474842624556558 ], [ 9.491654117636555, 45.474684634748336 ], [ 9.491555603342441, 45.474667048271051 ], [ 9.491474733504225, 45.47465390348475 ], [ 9.490597774119998, 45.47449565391647 ], [ 9.490670024048978, 45.474436832304654 ], [ 9.491609893201648, 45.473666607839455 ], [ 9.492996933147849, 45.473157650027773 ], [ 9.49433579791903, 45.472475073657925 ], [ 9.494690938712484, 45.472295229897838 ], [ 9.494989423727507, 45.472135641089601 ], [ 9.493252800361507, 45.47038325052177 ], [ 9.493232903166605, 45.47035975692998 ], [ 9.491369864695235, 45.46847508754157 ], [ 9.490656528867333, 45.46735301579637 ], [ 9.490519376792159, 45.466996775079608 ], [ 9.490327952475361, 45.466471659938648 ], [ 9.4902594158327, 45.466282442988359 ], [ 9.490224339629739, 45.466193710341663 ], [ 9.490460726528223, 45.465547457559445 ], [ 9.49156266240089, 45.464959570194097 ], [ 9.492160593217303, 45.464524682403471 ], [ 9.491875839726257, 45.463405277870237 ], [ 9.491261730961277, 45.462152690836234 ], [ 9.491210716766929, 45.462041862417827 ], [ 9.491044048962682, 45.461683871276534 ], [ 9.490964304683738, 45.461545953812085 ], [ 9.490221364848219, 45.459946943261784 ], [ 9.489092895171684, 45.458133548113302 ], [ 9.488792736661683, 45.457710786991733 ], [ 9.488093852903402, 45.456722744324168 ], [ 9.488071366061563, 45.456670603695073 ], [ 9.488029037720747, 45.456639746583704 ], [ 9.487074094920715, 45.455396842704516 ], [ 9.486207169098472, 45.4542303795089 ], [ 9.48586181424883, 45.453767324319053 ], [ 9.485391975648115, 45.453126722481763 ], [ 9.485187032728087, 45.452811268007601 ], [ 9.484606197099044, 45.451917253156317 ], [ 9.484575488086035, 45.451870007335671 ], [ 9.484336266282266, 45.451296651591797 ], [ 9.484020649183856, 45.450547912555422 ], [ 9.484007478423367, 45.450506064092622 ], [ 9.483961821870675, 45.450396424676448 ], [ 9.483721560850938, 45.449218288025371 ], [ 9.483862929399546, 45.4488092147595 ], [ 9.483908387313525, 45.448688072776037 ], [ 9.483778745447424, 45.448679254357316 ], [ 9.4833716640231, 45.448661836667277 ], [ 9.483038888509586, 45.448627243132321 ], [ 9.482399973824892, 45.448683937061553 ], [ 9.481453461215118, 45.448660925062924 ], [ 9.479905023586436, 45.448532427399314 ], [ 9.478293198924034, 45.448467183633525 ], [ 9.476655336193463, 45.448348013049966 ], [ 9.474773748773432, 45.448139817362382 ], [ 9.472585895842949, 45.448004880593523 ], [ 9.471615263378851, 45.448152901976144 ], [ 9.470539283860967, 45.448703180753078 ], [ 9.470551167954337, 45.449382972385649 ], [ 9.469336288996585, 45.449538138019051 ], [ 9.469179343847356, 45.450362622966637 ], [ 9.468256066331733, 45.450182980288581 ], [ 9.467891079516715, 45.450147291913638 ], [ 9.467283365551545, 45.450087966474342 ], [ 9.466318689576712, 45.449966960199802 ], [ 9.466122131115961, 45.450389762114483 ], [ 9.465788032041445, 45.45175029081787 ], [ 9.464946374551516, 45.453598961684662 ], [ 9.463994747129961, 45.455292762923499 ], [ 9.461910380404248, 45.454556389434643 ], [ 9.462209011529053, 45.453538047095932 ], [ 9.461003488738653, 45.453659184844298 ], [ 9.460743232244871, 45.454147049317797 ], [ 9.460124701593539, 45.455148665369649 ], [ 9.459405229368651, 45.456321718593827 ], [ 9.459130659373944, 45.4571599259368 ], [ 9.458998522980439, 45.458213591881361 ], [ 9.458456953449968, 45.459250891014726 ], [ 9.458370910120804, 45.459513033649692 ], [ 9.458057508873043, 45.460467643390494 ], [ 9.457750709151069, 45.461294419403139 ], [ 9.45766945564743, 45.461513341857589 ], [ 9.456976700766665, 45.462258189679282 ], [ 9.456118461125204, 45.462689700812199 ], [ 9.455567347684404, 45.462556868671939 ], [ 9.455230105557391, 45.462743626199874 ], [ 9.45538237714236, 45.463412719191844 ], [ 9.456087996808042, 45.463670934147657 ], [ 9.456603044607959, 45.464091925523547 ], [ 9.456886986155858, 45.464405832022869 ], [ 9.457399935715255, 45.464565798869515 ], [ 9.45756848733264, 45.464844163572181 ], [ 9.457813042524213, 45.465032209665914 ], [ 9.458312413042986, 45.465093214576292 ], [ 9.458507878590456, 45.465533490478911 ], [ 9.45866720703046, 45.466252931923613 ], [ 9.458355635595751, 45.466987038107746 ], [ 9.457498824555715, 45.467301754054709 ], [ 9.456473168610147, 45.467017821985543 ], [ 9.455421710378586, 45.466706976392956 ], [ 9.455122704853714, 45.466875478710705 ], [ 9.45529966088772, 45.467436558592759 ], [ 9.455320748597444, 45.467613822307001 ], [ 9.455367743337558, 45.468008225571673 ], [ 9.454625465575475, 45.468290695353929 ], [ 9.45443035017138, 45.468312044877848 ], [ 9.453567694022606, 45.468406583612584 ], [ 9.453019110552688, 45.468291739739215 ], [ 9.451971510906048, 45.468565933503974 ], [ 9.45120601996528, 45.468765230785031 ], [ 9.451009160069145, 45.469001782681019 ], [ 9.450874587720874, 45.469309096957531 ], [ 9.450103921414494, 45.469383404153021 ], [ 9.449768895766253, 45.469078677111042 ], [ 9.449202592115704, 45.468648861076538 ], [ 9.448642019579768, 45.46872284688196 ], [ 9.448137344778916, 45.469125728317358 ], [ 9.447557644234259, 45.469213379231519 ], [ 9.447388913814208, 45.468908013308628 ], [ 9.446723283671824, 45.468856605008703 ], [ 9.445991433450414, 45.468517416945545 ], [ 9.44541431931215, 45.468330661830208 ], [ 9.444936503112615, 45.468422924783155 ], [ 9.444558408117773, 45.468495916776945 ], [ 9.444263037220923, 45.468452049206029 ], [ 9.443940712642279, 45.468642327357934 ], [ 9.443778008271105, 45.468683537855988 ], [ 9.4434706143531, 45.468734267939283 ], [ 9.443130390084701, 45.46878058526255 ], [ 9.442846696579997, 45.468799695955127 ], [ 9.442433224989468, 45.468783287729885 ], [ 9.442010712213847, 45.468739926529153 ], [ 9.441352332903991, 45.468589448489453 ], [ 9.440863434284154, 45.468438313554181 ], [ 9.44056754540895, 45.468223441924003 ], [ 9.440510625019497, 45.468231478084043 ], [ 9.440161786019722, 45.468891075320201 ], [ 9.439673843398843, 45.469398735808014 ], [ 9.439195408874303, 45.469542888755797 ], [ 9.438556700920596, 45.469662344718358 ], [ 9.437752726743861, 45.46991746279275 ], [ 9.437691827357105, 45.469692669179828 ], [ 9.437648792154397, 45.469710844550171 ], [ 9.437457110593728, 45.469783131942158 ], [ 9.437221759137518, 45.469969471894998 ], [ 9.43693362977929, 45.47007812058235 ], [ 9.436625992861941, 45.470101805297254 ], [ 9.436309793483121, 45.470157008041234 ], [ 9.436164672703411, 45.470122997709687 ], [ 9.436083096886543, 45.470103879210221 ], [ 9.435927478423491, 45.469933447058132 ], [ 9.435956042379932, 45.469699299073376 ], [ 9.435951670355873, 45.469339275449585 ], [ 9.435902613562957, 45.469096424284167 ], [ 9.43560937642131, 45.469016543046351 ], [ 9.435212048690213, 45.468919047218542 ], [ 9.434224807645863, 45.468824787787931 ], [ 9.434287720498469, 45.468658188635999 ], [ 9.434359188271577, 45.468468720896226 ], [ 9.434416779657477, 45.468316242261785 ], [ 9.434484085843561, 45.468138017443621 ], [ 9.434514500308968, 45.46805747251841 ], [ 9.434523879222724, 45.467977652991962 ], [ 9.434586531483035, 45.467445102231778 ], [ 9.434162678055536, 45.46722168606771 ], [ 9.433701444989241, 45.467292661903798 ], [ 9.433422108874861, 45.467335961155648 ], [ 9.43329192694728, 45.467356043439423 ], [ 9.432996370435855, 45.467401632772038 ], [ 9.432923185926109, 45.46741271609892 ], [ 9.432840171874997, 45.467425319122846 ], [ 9.43264942231762, 45.467442647174082 ], [ 9.432577851940188, 45.467449196566747 ], [ 9.431709768389453, 45.467528076332485 ], [ 9.431312936993182, 45.467493572478425 ], [ 9.431343761562731, 45.467443942330895 ], [ 9.431679432263529, 45.466907102479958 ], [ 9.4319950021967, 45.46644052171203 ], [ 9.432026747177137, 45.466393474832735 ], [ 9.432108697519064, 45.466272295033612 ], [ 9.432166036932564, 45.466187447992574 ], [ 9.432222529114142, 45.466103910200459 ], [ 9.432245992509678, 45.466056908995952 ], [ 9.432333464131153, 45.465881667670168 ], [ 9.432348552626916, 45.465851425058474 ], [ 9.432363067608579, 45.465817613841992 ], [ 9.432437383422446, 45.465644398887434 ], [ 9.432577119556885, 45.465317374875752 ], [ 9.432706432709265, 45.4650176160727 ], [ 9.432741301665876, 45.464936338206222 ], [ 9.433002047660677, 45.464327772989648 ], [ 9.433469075517619, 45.463614917026618 ], [ 9.433799859358956, 45.463096904328836 ], [ 9.433860875212783, 45.463001323800462 ], [ 9.434247669891059, 45.462398351603518 ], [ 9.43430116505319, 45.462315195870396 ], [ 9.434480351764883, 45.462035954322772 ], [ 9.434692906211819, 45.461504071233186 ], [ 9.43456133001771, 45.461027510040736 ], [ 9.434045901560969, 45.46086859581365 ], [ 9.433903237582516, 45.460824583687476 ], [ 9.433753473737799, 45.46077841645242 ], [ 9.433450042410639, 45.460730237197858 ], [ 9.431603732045021, 45.460444574176073 ], [ 9.429310146466166, 45.460012176609347 ], [ 9.427720482255229, 45.459532064452389 ], [ 9.427549440312442, 45.458902638529544 ], [ 9.427151449857925, 45.458706105529807 ], [ 9.427352157649203, 45.458183275002234 ], [ 9.427141187818776, 45.457346961842859 ], [ 9.426830929336557, 45.456907061572821 ], [ 9.426137901677548, 45.456594624873233 ], [ 9.425522329662172, 45.456371874212856 ], [ 9.425341583970368, 45.456147518989276 ], [ 9.425261524718014, 45.455706774940957 ], [ 9.424876575856537, 45.455537174580222 ], [ 9.423251396891798, 45.455417191166077 ], [ 9.422407305934083, 45.455312308436156 ], [ 9.421955923214075, 45.454809908091924 ], [ 9.421324963554632, 45.454236164148867 ], [ 9.420270927030998, 45.453519964584558 ], [ 9.41967903647279, 45.453036082504028 ], [ 9.419483143840365, 45.452487716326132 ], [ 9.419185540614809, 45.452128767483224 ], [ 9.418633308217816, 45.451815750216142 ], [ 9.418197841525124, 45.451619324027455 ], [ 9.417532180999693, 45.451531748833276 ], [ 9.4176390519116, 45.450532189789691 ], [ 9.417646858402071, 45.450369016880224 ], [ 9.417848797554905, 45.446138863855758 ], [ 9.416085449591598, 45.446208310281037 ], [ 9.416395439936753, 45.44500102009799 ], [ 9.414679913630486, 45.444719223581103 ], [ 9.41473853385898, 45.444466866590162 ], [ 9.414803883914507, 45.444187707367888 ], [ 9.415133952244043, 45.44386245055972 ], [ 9.415614165537018, 45.443086607632203 ], [ 9.415571639043376, 45.442519702005178 ], [ 9.415592247913347, 45.441952549510205 ], [ 9.415863607650811, 45.441642463200679 ], [ 9.416528071668523, 45.441241112923692 ], [ 9.416875483609168, 45.440840721887604 ], [ 9.417033915265513, 45.440582136724778 ], [ 9.417140795259082, 45.440407697710093 ], [ 9.417273884830795, 45.439489086627425 ], [ 9.417294994129557, 45.438885928552317 ], [ 9.417127908135825, 45.438483863153415 ], [ 9.416640842508482, 45.438600294048463 ], [ 9.416028076138597, 45.438620538091662 ], [ 9.415920464000997, 45.438443864869591 ], [ 9.415820198263317, 45.438279245356846 ], [ 9.415909873382606, 45.43778285799722 ], [ 9.415943050372009, 45.437599201955564 ], [ 9.415896705567627, 45.437210098670811 ], [ 9.41586214995082, 45.436919912039443 ], [ 9.415576763438882, 45.436362868478028 ], [ 9.415114728960786, 45.43612152767578 ], [ 9.41419271285921, 45.435917838142551 ], [ 9.413622705918632, 45.4358842515392 ], [ 9.413563446202424, 45.435960175544857 ], [ 9.413380746740048, 45.436194307451757 ], [ 9.411990997497243, 45.435547754873554 ], [ 9.411848320932807, 45.435484357890402 ], [ 9.411388133484389, 45.435279900408311 ], [ 9.410870589893369, 45.435091197038332 ], [ 9.41097329972043, 45.434877196567427 ], [ 9.41105163266549, 45.434714039927144 ], [ 9.411011182861529, 45.434426148429168 ], [ 9.411070223644526, 45.434329502054076 ], [ 9.411220898630409, 45.434082929629383 ], [ 9.411890567377794, 45.434044920450368 ], [ 9.412198683170526, 45.434223839231436 ], [ 9.412673493616357, 45.434465163752364 ], [ 9.413121937930198, 45.434598556844563 ], [ 9.4136856303526, 45.434758537262333 ], [ 9.414453757431144, 45.434899760913062 ], [ 9.414715727507225, 45.434793024773739 ], [ 9.414858510773042, 45.434304224877543 ], [ 9.415006687966269, 45.433808611924711 ], [ 9.415216701237666, 45.432808723164271 ], [ 9.4154293460397, 45.432168865130379 ], [ 9.416183286833745, 45.431081992366543 ], [ 9.416862202017041, 45.430786464822695 ], [ 9.417706834765452, 45.430909396659565 ], [ 9.418503861249349, 45.43115280916367 ], [ 9.419037837962716, 45.429987188032108 ], [ 9.419502868528895, 45.430029705121143 ], [ 9.420045103032843, 45.430117552065099 ], [ 9.420565165733549, 45.430196823370146 ], [ 9.422031122433571, 45.43044022980574 ], [ 9.422230800898337, 45.430473374362712 ], [ 9.42237701977858, 45.430009000285608 ], [ 9.422535927913279, 45.429504348854884 ], [ 9.423015110098671, 45.427982482565334 ], [ 9.422041332802689, 45.427680053806505 ], [ 9.422385774685662, 45.426148354901024 ], [ 9.422837015715922, 45.42612911671182 ], [ 9.423078404243538, 45.425016901611968 ], [ 9.423216353253169, 45.424381215891096 ], [ 9.423803060153622, 45.424373245518332 ], [ 9.424574930929349, 45.424362759458539 ], [ 9.424732731519546, 45.42398884737797 ], [ 9.425707257626676, 45.424007312176336 ], [ 9.425860317420836, 45.42302573749928 ], [ 9.425974766922392, 45.42229172053716 ], [ 9.425978080502899, 45.422045325632624 ], [ 9.425920903387144, 45.421594464877074 ], [ 9.425931817104066, 45.421562058339177 ], [ 9.425680500493787, 45.421609173492527 ], [ 9.425456501831556, 45.421639362081322 ], [ 9.425346535956736, 45.422037532024611 ], [ 9.424983527964043, 45.422736276688923 ], [ 9.424734181859138, 45.422726334225082 ], [ 9.424265084485748, 45.422707626722755 ], [ 9.423330547941712, 45.422513071761685 ], [ 9.422882288568754, 45.42228970247195 ], [ 9.422890716326471, 45.421812606169951 ], [ 9.423264300108716, 45.4209096855921 ], [ 9.424837791402677, 45.420671237838476 ], [ 9.425416338252585, 45.420589079494555 ], [ 9.425752383711167, 45.420019751276222 ], [ 9.425518266761829, 45.419480549527194 ], [ 9.425377986289975, 45.419437023437254 ], [ 9.424908433835373, 45.419291330395389 ], [ 9.424826537315328, 45.419276083533362 ], [ 9.424059875871825, 45.419305937997414 ], [ 9.423648999426298, 45.41905542809932 ], [ 9.423211812174358, 45.418706001159272 ], [ 9.42275943395599, 45.418663225435253 ], [ 9.422715611670126, 45.418659080515091 ], [ 9.422496417905982, 45.41864564069256 ], [ 9.421587905446817, 45.41850498808666 ], [ 9.4213040538176, 45.418145991889432 ], [ 9.421058753805584, 45.417813841362623 ], [ 9.420597355723018, 45.41764452527503 ], [ 9.420259670672619, 45.417348732633336 ], [ 9.419847956076049, 45.416980930914015 ], [ 9.419840286605298, 45.415846984372635 ], [ 9.419839466069682, 45.415725561128326 ], [ 9.41922981743973, 45.415707107323421 ], [ 9.418778426554695, 45.415693452907071 ], [ 9.418961404204039, 45.414513621419708 ], [ 9.418043927831445, 45.414329040889058 ], [ 9.417643078691796, 45.4142484021367 ], [ 9.418257072167631, 45.412589947733174 ], [ 9.418191592569706, 45.412374153232115 ], [ 9.41788507727972, 45.412402281572319 ], [ 9.417740655813354, 45.411880727638724 ], [ 9.417255828490232, 45.411990525892861 ], [ 9.417110355132936, 45.411324963505933 ], [ 9.417106181068899, 45.410757897239023 ], [ 9.417241711544746, 45.41007331752332 ], [ 9.415630651226248, 45.409953172376646 ], [ 9.415694192400075, 45.409602090995911 ], [ 9.415814866828171, 45.408935360637621 ], [ 9.415803389048516, 45.408381387839142 ], [ 9.415795087695232, 45.407981294782388 ], [ 9.415511063180659, 45.407586281726168 ], [ 9.414249202537215, 45.407572909337361 ], [ 9.412892015316823, 45.407667790341691 ], [ 9.411168365297407, 45.407872030894858 ], [ 9.410276146027064, 45.408190285010264 ], [ 9.409688657228383, 45.408237410035625 ], [ 9.409162541428016, 45.407933246827561 ], [ 9.408415878673154, 45.407944331664353 ], [ 9.407963584561124, 45.407951046336372 ], [ 9.407565355951782, 45.407956958727375 ], [ 9.407248567183894, 45.407955396367029 ], [ 9.407124125683499, 45.40795478863523 ], [ 9.406504674539923, 45.407951737232871 ], [ 9.406070156336176, 45.407944286932064 ], [ 9.406201021472667, 45.407519278731954 ], [ 9.406932674090497, 45.407483442606697 ], [ 9.407394077919928, 45.407460835660252 ], [ 9.407753345833376, 45.407443228066079 ], [ 9.409132295531753, 45.407285271665124 ], [ 9.409730722465698, 45.406986092262436 ], [ 9.410535825159968, 45.406992197284097 ], [ 9.41109074786381, 45.406812050681282 ], [ 9.411629324701424, 45.406241166722602 ], [ 9.411738899510285, 45.405538675858821 ], [ 9.412191245591016, 45.405209204850131 ], [ 9.41242996918098, 45.405081670683273 ], [ 9.412527275367371, 45.405029671694464 ], [ 9.412330297504369, 45.404231357368275 ], [ 9.412377882917536, 45.403816857077572 ], [ 9.412426424540646, 45.403393902871841 ], [ 9.412230906794735, 45.402863528849721 ], [ 9.409187277782864, 45.402775812443828 ], [ 9.409066420216499, 45.403329021881845 ], [ 9.406674648435221, 45.403144479490379 ], [ 9.407055952323407, 45.401081848465836 ], [ 9.4069741773913, 45.40037104650969 ], [ 9.407210332528999, 45.399452074353682 ], [ 9.407500454526522, 45.398928973385765 ], [ 9.407646124041806, 45.397866293078849 ], [ 9.408047317265661, 45.396802717834554 ], [ 9.408270996508739, 45.395928804795389 ], [ 9.407678778685996, 45.395300827923997 ], [ 9.407316013399335, 45.394600023967214 ], [ 9.407209162151592, 45.39395231993845 ], [ 9.406364043999162, 45.393685300452567 ], [ 9.405978863696935, 45.393416623752934 ], [ 9.406113650537245, 45.392615034507813 ], [ 9.405880931726267, 45.392228809033419 ], [ 9.405347764282002, 45.392177077089421 ], [ 9.405082268025627, 45.392451901800541 ], [ 9.404131355992057, 45.392316033493778 ], [ 9.404536365206399, 45.391783518942376 ], [ 9.404712040871837, 45.391341831524741 ], [ 9.404850735026852, 45.391080317308742 ], [ 9.404427148782871, 45.390793943380771 ], [ 9.404316146945689, 45.390870871805291 ], [ 9.403937858467076, 45.391133069126717 ], [ 9.403677011240653, 45.391300519152402 ], [ 9.403027530609371, 45.391590852815241 ], [ 9.401519066351126, 45.391980912943488 ], [ 9.400854241136026, 45.393182709305215 ], [ 9.400743286975032, 45.393750181879902 ], [ 9.400864677338694, 45.394658874302031 ], [ 9.40095811664515, 45.395225629425944 ], [ 9.400913636904397, 45.396161908515239 ], [ 9.400957506703367, 45.396944872308254 ], [ 9.400909206686391, 45.397341090098912 ], [ 9.400590058758075, 45.397378211445456 ], [ 9.400040497965868, 45.397353149812282 ], [ 9.399055842342488, 45.397230575946971 ], [ 9.398422929827159, 45.39714369052961 ], [ 9.398264811046834, 45.397386342756 ], [ 9.397749922004982, 45.397752698573299 ], [ 9.396601373492608, 45.397796962379616 ], [ 9.39675174655734, 45.398435759255264 ], [ 9.396894847415274, 45.398909692650506 ], [ 9.396551810303118, 45.39907554126431 ], [ 9.395963396773258, 45.398978570114664 ], [ 9.395581093015039, 45.399123905649958 ], [ 9.394660564976437, 45.399037093214396 ], [ 9.393304565677823, 45.398798729096065 ], [ 9.391976381344524, 45.398884297468221 ], [ 9.391377572555493, 45.399129391296249 ], [ 9.390569974560391, 45.399614173344254 ], [ 9.390434355128701, 45.399695574865454 ], [ 9.390229885812364, 45.399818323089342 ], [ 9.390195245926879, 45.399839117407723 ], [ 9.39015603027579, 45.399862657438753 ], [ 9.390040825225231, 45.39986518240363 ], [ 9.38980285231966, 45.399870415317253 ], [ 9.389670571972513, 45.399873315925966 ], [ 9.388915141610676, 45.399840429997667 ], [ 9.388313579088109, 45.399490878824437 ], [ 9.386664667299696, 45.399388465189034 ], [ 9.385194880283819, 45.399321408303592 ], [ 9.38468098873228, 45.398909082270031 ], [ 9.384625182797697, 45.398216187303568 ], [ 9.385024075632272, 45.39743171859633 ], [ 9.385052755238698, 45.397375302580464 ], [ 9.38512950942828, 45.397224353932529 ], [ 9.384908994095943, 45.396917292358729 ], [ 9.384819971146801, 45.396793330252507 ], [ 9.384571606140444, 45.396734231576424 ], [ 9.383500832805581, 45.396483288432208 ], [ 9.383054010129971, 45.396376205070325 ], [ 9.382910516911195, 45.396049866913565 ], [ 9.382642191996931, 45.395431021897807 ], [ 9.382488004212284, 45.395077113783415 ], [ 9.38239220631978, 45.39485724103023 ], [ 9.382331976231654, 45.393507241414177 ], [ 9.382567373740542, 45.392417304017208 ], [ 9.382263704627778, 45.390960129271768 ], [ 9.382054583266529, 45.390425447166855 ], [ 9.381679136759541, 45.389521856262874 ], [ 9.381633661881727, 45.388459864889619 ], [ 9.38069835897233, 45.388048927403638 ], [ 9.379826352266758, 45.387547756804487 ], [ 9.37765551056734, 45.386926299490369 ], [ 9.377334053288665, 45.387348997067129 ], [ 9.376818771103672, 45.387787081063721 ], [ 9.376109802488241, 45.387659077828246 ], [ 9.375983828742015, 45.387512682007035 ], [ 9.375723628818813, 45.387210297376022 ], [ 9.375337250596731, 45.386734506903011 ], [ 9.375278748586974, 45.38671977944648 ], [ 9.37417290440845, 45.386441304320151 ], [ 9.373093973720403, 45.386540992945179 ], [ 9.372918682192958, 45.386085339892738 ], [ 9.372785853301053, 45.385311651966383 ], [ 9.372828271578443, 45.383988334705386 ], [ 9.372908452524356, 45.382583874725718 ], [ 9.373067910072288, 45.381584218692154 ], [ 9.372616490657718, 45.380919595919295 ], [ 9.372586231364606, 45.380199602875756 ], [ 9.373199291887637, 45.379665524832376 ], [ 9.37441813244798, 45.379314908265506 ], [ 9.374937318776992, 45.379165567173764 ], [ 9.375031563525127, 45.379138464412065 ], [ 9.375336785159291, 45.378976591878754 ], [ 9.375475499932781, 45.378903322411524 ], [ 9.376869246848129, 45.378165482090239 ], [ 9.378440010481121, 45.376966879389769 ], [ 9.379031669387746, 45.375677739422883 ], [ 9.378497432420478, 45.374086282642352 ], [ 9.378033365304525, 45.373439733094337 ], [ 9.377046898514527, 45.372974920539022 ], [ 9.37627850636196, 45.372653410757572 ], [ 9.376185472841225, 45.372104642672205 ], [ 9.376458713915364, 45.370942583802275 ], [ 9.376969976583609, 45.370181621713897 ], [ 9.377397009086609, 45.369931334290534 ], [ 9.378212612542347, 45.369689373589303 ], [ 9.378200175747608, 45.368948032514083 ], [ 9.371097373794644, 45.367377631965354 ], [ 9.369972211403121, 45.367118957579713 ], [ 9.369758483047615, 45.367069876720464 ], [ 9.368879562011369, 45.366867772339887 ], [ 9.368763906942439, 45.366841184958446 ], [ 9.368308992785293, 45.366736582677412 ], [ 9.368133270056688, 45.366696224541407 ], [ 9.365102322988836, 45.365999323858262 ], [ 9.364509530925361, 45.36586299425128 ], [ 9.363935965091292, 45.365731098280598 ], [ 9.363631447695122, 45.365660053752507 ], [ 9.363438477924277, 45.365606575217654 ], [ 9.363376029817433, 45.365583113856751 ], [ 9.362816451733035, 45.365435216463254 ], [ 9.362639958842998, 45.365386593574208 ], [ 9.362261772976201, 45.365282421153537 ], [ 9.3619326038928, 45.365191752617754 ], [ 9.361771988300593, 45.365147499536867 ], [ 9.361312819108708, 45.365021033858582 ], [ 9.360518105340118, 45.364802089281483 ], [ 9.359814795686038, 45.364608377295212 ], [ 9.359784916507971, 45.364710805986007 ], [ 9.359564772164957, 45.365907262065157 ], [ 9.359401350461356, 45.366795568671499 ], [ 9.359197417179574, 45.367892595926399 ], [ 9.358534934107011, 45.367822917743723 ], [ 9.358377886127478, 45.367723163508352 ], [ 9.358264769447562, 45.367651327566342 ], [ 9.35818234565828, 45.367598974095699 ], [ 9.358086180345994, 45.367536284193008 ], [ 9.357586582590264, 45.367285812544225 ], [ 9.357528941967399, 45.367256534274254 ], [ 9.357163840064361, 45.367071099290975 ], [ 9.357059024042156, 45.367075390295568 ], [ 9.356107643635024, 45.367114289302286 ], [ 9.355771260789094, 45.36712802046295 ], [ 9.355730800404395, 45.367140109273265 ], [ 9.355333785264438, 45.368480942605963 ], [ 9.355223236002137, 45.368463921071566 ], [ 9.353672090464269, 45.36822506546816 ], [ 9.353582195299435, 45.368159919301384 ], [ 9.353362851277421, 45.368000991626225 ], [ 9.353206157424415, 45.367729823741584 ], [ 9.352992353797482, 45.367717185205507 ], [ 9.353406009798203, 45.366871283511749 ], [ 9.354354515335224, 45.36688155338625 ], [ 9.354560306415001, 45.365269894614869 ], [ 9.353206457008014, 45.365220093711571 ], [ 9.353726709367089, 45.36309658407756 ], [ 9.356556231179104, 45.363763590796957 ], [ 9.356940689292983, 45.3600237433104 ], [ 9.357552817904805, 45.358555647563158 ], [ 9.359307086398086, 45.358759799509421 ], [ 9.359273321645428, 45.358316515755533 ], [ 9.360430730892279, 45.358531043389014 ], [ 9.360663268871875, 45.357304261670691 ], [ 9.360695988358627, 45.357131471689264 ], [ 9.360755451473743, 45.356817817693113 ], [ 9.360785579072866, 45.356658959168193 ], [ 9.361269715612469, 45.354105304749247 ], [ 9.360465163335414, 45.354062847045356 ], [ 9.360808758466531, 45.351883447659986 ], [ 9.361729616615644, 45.350143269952056 ], [ 9.360629155716742, 45.349732688356347 ], [ 9.361033357268262, 45.349056315434758 ], [ 9.360520923462675, 45.348769891786048 ], [ 9.361557986298134, 45.347245402371406 ], [ 9.362431375892758, 45.346210604477122 ], [ 9.36185690237471, 45.346092214279416 ], [ 9.360721730154689, 45.345898547831105 ], [ 9.359940100154761, 45.345765209843144 ], [ 9.358061790318626, 45.345465080108013 ], [ 9.357730884131271, 45.345422999463935 ], [ 9.356541559114465, 45.345271808945775 ], [ 9.356561901019559, 45.34444362270537 ], [ 9.356178731812614, 45.34440881539188 ], [ 9.356264714947899, 45.343890005391728 ], [ 9.356280781268024, 45.34379308777639 ], [ 9.356321096084343, 45.343549863413031 ], [ 9.356606485241779, 45.343417310378875 ], [ 9.357485379115863, 45.343126520416156 ], [ 9.358631256007181, 45.342663849448158 ], [ 9.359318689096055, 45.341999412766043 ], [ 9.359605849103602, 45.341364604273934 ], [ 9.359969113899766, 45.340274300864188 ], [ 9.359507274970888, 45.339906692147785 ], [ 9.359624919307006, 45.33939495185551 ], [ 9.360049556759348, 45.338869837452201 ], [ 9.360634571584718, 45.33854394526675 ], [ 9.3615028187423, 45.338595215194736 ], [ 9.363010394178275, 45.338833458722377 ], [ 9.363421418434662, 45.338868154522146 ], [ 9.363725531634863, 45.338894193358499 ], [ 9.364136500890071, 45.338891497675711 ], [ 9.36422814205061, 45.338889346690955 ], [ 9.36425103604491, 45.338865515406638 ], [ 9.364296688576546, 45.338757328791594 ], [ 9.364432017035133, 45.338436625718906 ], [ 9.364767649024198, 45.338197764520913 ], [ 9.365366003480892, 45.337910631171013 ], [ 9.365372749232145, 45.337772773043021 ], [ 9.365406968745006, 45.337195575152919 ], [ 9.365361707958396, 45.337174228211843 ], [ 9.364657666321543, 45.33697393684777 ], [ 9.364705129886008, 45.336763310167434 ], [ 9.364742713454573, 45.336641358059723 ], [ 9.364756657654477, 45.336555601335128 ], [ 9.364773058107753, 45.336482084062972 ], [ 9.364781640398483, 45.336443609889471 ], [ 9.364574290472543, 45.336449539541114 ], [ 9.364016254645032, 45.336462909586572 ], [ 9.364305576045902, 45.335748539120544 ], [ 9.364343860019618, 45.335655771020193 ], [ 9.36441802664716, 45.33547098325306 ], [ 9.364641093880328, 45.334920158965616 ], [ 9.36473378581986, 45.334881499945809 ], [ 9.365359427513233, 45.334994112463249 ], [ 9.365556126762435, 45.335032799400238 ], [ 9.365682110008716, 45.335052168590082 ], [ 9.3673547756178, 45.335353216786402 ], [ 9.367535656487762, 45.334413238091294 ], [ 9.369386913695861, 45.3336482436276 ], [ 9.369480493557248, 45.333192113588716 ], [ 9.369478029878946, 45.333134712419195 ], [ 9.369499116431772, 45.333101317415419 ], [ 9.369489676008865, 45.333052202102017 ], [ 9.369485175624645, 45.333013856286563 ], [ 9.369462851561652, 45.332873804577041 ], [ 9.369456217657406, 45.332829609348352 ], [ 9.369434561923574, 45.332685351812039 ], [ 9.369430441309644, 45.332657905461929 ], [ 9.369379303833925, 45.332327648263181 ], [ 9.369684789559068, 45.331343424882881 ], [ 9.370351744110039, 45.330762763722333 ], [ 9.371509113199251, 45.33027323069598 ], [ 9.371800472120302, 45.329839882067944 ], [ 9.372065029033461, 45.329429489851002 ], [ 9.372500269175516, 45.328858151570039 ], [ 9.37339655329427, 45.328352832037019 ], [ 9.373918399592533, 45.327947219883427 ], [ 9.37365797148974, 45.327155948940543 ], [ 9.373739420890793, 45.325958510848928 ], [ 9.374368768528162, 45.324642254117919 ], [ 9.375048253373539, 45.324014164621019 ], [ 9.375802713187177, 45.323566354066891 ], [ 9.376784030583227, 45.323392062633594 ], [ 9.37761922593339, 45.323398227497606 ], [ 9.37817751713394, 45.322519558524128 ], [ 9.378632450753711, 45.321563489503617 ], [ 9.379181942164001, 45.321340817651794 ], [ 9.379837562731156, 45.321531329008586 ], [ 9.380364552460453, 45.320742806965676 ], [ 9.380750380341825, 45.319409313619033 ], [ 9.380580562673927, 45.318820298933602 ], [ 9.380371627010879, 45.318755573485163 ], [ 9.379925005684749, 45.318617230953848 ], [ 9.379315687143833, 45.318428480846052 ], [ 9.378100999912196, 45.318036456488464 ], [ 9.378072478679343, 45.317586484107316 ], [ 9.378173067302608, 45.317361117239706 ], [ 9.37852260507046, 45.316906979666911 ], [ 9.37934102531956, 45.316610119369578 ], [ 9.380668872701035, 45.31675872850537 ], [ 9.381767566542674, 45.316980094392761 ], [ 9.382186223155458, 45.317136853841902 ], [ 9.382612869890322, 45.317296603164849 ], [ 9.382982629419407, 45.317435061550285 ], [ 9.383253921596168, 45.31793371629756 ], [ 9.383131916217021, 45.31876225223121 ], [ 9.383554151498306, 45.31894086987483 ], [ 9.38424434728341, 45.319118564995954 ], [ 9.385414484690623, 45.319314726799597 ], [ 9.385606150650954, 45.319346449895711 ], [ 9.385675980670248, 45.31935813650653 ], [ 9.386300866486582, 45.319462697905209 ], [ 9.387350213175012, 45.319918238177692 ], [ 9.389049213975859, 45.318987639351256 ], [ 9.390544214014154, 45.317796793896143 ], [ 9.391645764995435, 45.316997947589549 ], [ 9.392725387044928, 45.316505552965843 ], [ 9.392866697480963, 45.316438038756239 ], [ 9.393254924943236, 45.315955444039524 ], [ 9.393213783918929, 45.315541539739328 ], [ 9.392176827996709, 45.315023013937214 ], [ 9.391369374238469, 45.314485698638435 ], [ 9.391060217021476, 45.314054702354532 ], [ 9.390995078102058, 45.313856897457228 ], [ 9.390924159673343, 45.31383953610888 ], [ 9.390755089760017, 45.313797865532329 ], [ 9.390673151315342, 45.313777712578819 ], [ 9.389551003972015, 45.313501743014825 ], [ 9.388903481922577, 45.313241430959813 ], [ 9.388847404816071, 45.313218886967789 ], [ 9.388456977176052, 45.313061937004676 ], [ 9.388207797741686, 45.312961770123231 ], [ 9.387517751416935, 45.312793094291919 ], [ 9.386926028622968, 45.312812871017243 ], [ 9.386666265348657, 45.313273054259106 ], [ 9.386453084594983, 45.313813859023028 ], [ 9.386353588480008, 45.314075232656904 ], [ 9.386209656764969, 45.314439475389015 ], [ 9.385732929031565, 45.314734438536235 ], [ 9.384672904085409, 45.314566975565803 ], [ 9.383854722106017, 45.314317688147639 ], [ 9.3828019688246, 45.314031476080629 ], [ 9.382742767875509, 45.314015401692181 ], [ 9.382066018810978, 45.313927650480984 ], [ 9.381657903164458, 45.313947004307991 ], [ 9.381376192622016, 45.314028965397114 ], [ 9.381020755989407, 45.314057158670025 ], [ 9.380126974294239, 45.313943112780578 ], [ 9.379526455261763, 45.313810093731647 ], [ 9.379573782584837, 45.313251859335914 ], [ 9.379940911518725, 45.312827560494469 ], [ 9.379970883741043, 45.312792011341003 ], [ 9.380130342971205, 45.31254785063215 ], [ 9.380014013171776, 45.312323204579059 ], [ 9.379592138599081, 45.312189572418738 ], [ 9.379416395929601, 45.312140659267307 ], [ 9.379324538368065, 45.312113957368815 ], [ 9.379132012695827, 45.31207883300555 ], [ 9.378927558270009, 45.31200279856526 ], [ 9.378943605932809, 45.311940999979633 ], [ 9.37908925155465, 45.311381161157399 ], [ 9.379100080534217, 45.311093081054615 ], [ 9.378397214588446, 45.310906381641693 ], [ 9.377778991642931, 45.310787168884033 ], [ 9.377479807177279, 45.311071434184683 ], [ 9.377132468892095, 45.311620740250113 ], [ 9.376628261580823, 45.311551319653603 ], [ 9.376268102167437, 45.311267890310901 ], [ 9.376215846365445, 45.310922552211103 ], [ 9.376729781091626, 45.310259440696676 ], [ 9.376757749192379, 45.310223404801931 ], [ 9.376810370750137, 45.310155524194386 ], [ 9.377488226371064, 45.309520493743101 ], [ 9.378258087325579, 45.309169583825721 ], [ 9.379253380525302, 45.309211282389882 ], [ 9.38027534441701, 45.309423921632799 ], [ 9.380499547662232, 45.309450181958113 ], [ 9.380981513196074, 45.309506774121502 ], [ 9.381369851734187, 45.309042210929285 ], [ 9.381406253224542, 45.308763042038407 ], [ 9.380857918815163, 45.308674872701516 ], [ 9.380640033854322, 45.308639596880546 ], [ 9.380229728980831, 45.308325911319891 ], [ 9.380137968627805, 45.307957152269374 ], [ 9.380375447164747, 45.30722724573198 ], [ 9.381421910391891, 45.307295781817793 ], [ 9.381807902341333, 45.307241454750603 ], [ 9.381949944505067, 45.30699681029779 ], [ 9.383370592138746, 45.306965209255551 ], [ 9.384723355552628, 45.307059673798584 ], [ 9.385355611610855, 45.30719702961877 ], [ 9.385882492746891, 45.306812715520117 ], [ 9.385287302416966, 45.306539001629481 ], [ 9.384442363699177, 45.306260773275639 ], [ 9.383152415215502, 45.305967514722205 ], [ 9.382190771656584, 45.305739268991303 ], [ 9.381698222064861, 45.305625182730239 ], [ 9.381789372835556, 45.30514323142998 ], [ 9.381611932730566, 45.305039880225287 ], [ 9.381328370924908, 45.30487473621281 ], [ 9.380560576613293, 45.304508231434433 ], [ 9.37995753749504, 45.303979169051033 ], [ 9.379708936121476, 45.303043843356754 ], [ 9.379288075115655, 45.303054249482365 ], [ 9.378525239793401, 45.30277920697349 ], [ 9.378125363485077, 45.302635043785571 ], [ 9.377449753879878, 45.302413407020055 ], [ 9.377256124842905, 45.302349873606239 ], [ 9.376714241899258, 45.302426638850967 ], [ 9.376491091597902, 45.302458271221759 ], [ 9.3760200577177, 45.302524977225772 ], [ 9.374950897945627, 45.302870549896269 ], [ 9.374790583527448, 45.30293137047812 ], [ 9.374539982330939, 45.303026388199832 ], [ 9.374048671624037, 45.303212912334871 ], [ 9.37398156529702, 45.303238454960038 ], [ 9.37390699070926, 45.303599503280601 ], [ 9.373860300587413, 45.303819358964368 ], [ 9.374131891347703, 45.30438556173754 ], [ 9.37409054370781, 45.304460180544019 ], [ 9.37401301495699, 45.304596156462182 ], [ 9.373919873462309, 45.304759580241054 ], [ 9.373580407851689, 45.304754990465312 ], [ 9.373126558310926, 45.304748868708195 ], [ 9.372380410892378, 45.304423806896338 ], [ 9.371793115988165, 45.304178814966512 ], [ 9.37101588070456, 45.303846519122814 ], [ 9.370144904049175, 45.303291248972997 ], [ 9.369805740868166, 45.303273708314947 ], [ 9.369491173643697, 45.303257478707557 ], [ 9.369424466650093, 45.30325114953402 ], [ 9.369107049937215, 45.303237644722365 ], [ 9.368999714626609, 45.303232097395544 ], [ 9.368931168775918, 45.303292690644668 ], [ 9.368278592690945, 45.303869522952787 ], [ 9.36795736074445, 45.304153446778386 ], [ 9.367351874504738, 45.305199569003676 ], [ 9.366798247828195, 45.306193732385175 ], [ 9.366784431006243, 45.306218534328202 ], [ 9.366801009565661, 45.306361665256397 ], [ 9.366820229792818, 45.306527509138469 ], [ 9.366919676355698, 45.307388407258365 ], [ 9.36700415124052, 45.308316325790699 ], [ 9.367025079646725, 45.308546815138484 ], [ 9.367029343179171, 45.308594101306475 ], [ 9.366629340234523, 45.309379153059602 ], [ 9.366487012489388, 45.309663072348819 ], [ 9.366460697322935, 45.309709326062446 ], [ 9.366389279932754, 45.309834115287138 ], [ 9.366317632457578, 45.310002845722565 ], [ 9.366308021888779, 45.310034999977553 ], [ 9.366174031691346, 45.310336199167878 ], [ 9.36612284173812, 45.310451296324388 ], [ 9.366164370622883, 45.311240969059376 ], [ 9.366183931137943, 45.311562688778686 ], [ 9.36631140728, 45.311759869621042 ], [ 9.367096420642842, 45.313031694004856 ], [ 9.367396685890029, 45.314092905677974 ], [ 9.367136562214926, 45.315079229569513 ], [ 9.367116910385725, 45.315133661374141 ], [ 9.366453909404809, 45.315848099700609 ], [ 9.366254128382105, 45.316062493834231 ], [ 9.365282533072509, 45.316529977264423 ], [ 9.364073110849919, 45.316938888623469 ], [ 9.362825820299586, 45.317410935434069 ], [ 9.362439102078538, 45.317422240345209 ], [ 9.361806426984471, 45.317440740452604 ], [ 9.360128100861573, 45.316607885728864 ], [ 9.36005953142643, 45.316570267109256 ], [ 9.359922419198007, 45.316463322132364 ], [ 9.359766031708466, 45.316349839658209 ], [ 9.358371093084326, 45.315418547190859 ], [ 9.358300309088369, 45.315370229055723 ], [ 9.358251133390439, 45.315336666656073 ], [ 9.358015326938361, 45.315175739465232 ], [ 9.35674818864095, 45.315184240147971 ], [ 9.356042719258227, 45.315947049629564 ], [ 9.355987433346217, 45.316072240097348 ], [ 9.355833233136124, 45.31642199041589 ], [ 9.355501854687983, 45.317172992437619 ], [ 9.355439216672892, 45.317288457851646 ], [ 9.355312017606431, 45.317520683556126 ], [ 9.355277928993482, 45.317583110969608 ], [ 9.355009764387558, 45.318074526996924 ], [ 9.354488910370241, 45.318734635861709 ], [ 9.354440171659533, 45.318796442374293 ], [ 9.354292072535216, 45.319598022252855 ], [ 9.354319580505273, 45.319747996039567 ], [ 9.354332109334772, 45.319816070936852 ], [ 9.354411011404331, 45.320245840272925 ], [ 9.354661802100743, 45.32080439662473 ], [ 9.354019660905047, 45.320913144725758 ], [ 9.353201464593198, 45.320654641122623 ], [ 9.352548174032581, 45.320242596788674 ], [ 9.352303533317954, 45.319883301966655 ], [ 9.351372071257524, 45.31958046676678 ], [ 9.352643290926583, 45.318772756043636 ], [ 9.353376168076595, 45.317971692800306 ], [ 9.353565091855117, 45.317490388786069 ], [ 9.353740401167315, 45.317043440024158 ], [ 9.351710640371719, 45.316312814614015 ], [ 9.350512798928312, 45.317619209501125 ], [ 9.348397650313441, 45.31681633391171 ], [ 9.346662617835781, 45.316152044649904 ], [ 9.345904354447429, 45.31691310990432 ], [ 9.342373948799366, 45.314998768275885 ], [ 9.338824331506256, 45.312965457752931 ], [ 9.338007978551703, 45.314552599348588 ], [ 9.333249963057577, 45.312487265390097 ], [ 9.332996418128245, 45.312758055989704 ], [ 9.331627990251, 45.312176935220386 ], [ 9.328057004448979, 45.316507903103052 ], [ 9.325767040565854, 45.315695344603498 ], [ 9.324985480461098, 45.316439773941376 ], [ 9.325288803934779, 45.31721259122903 ], [ 9.324735139350517, 45.318191661230244 ], [ 9.324241410580598, 45.318868163525863 ], [ 9.323867266695576, 45.319697850142937 ], [ 9.324959508623429, 45.319845360516069 ], [ 9.324140626900675, 45.320760550344524 ], [ 9.324629526481733, 45.321129782716987 ], [ 9.323550080801454, 45.322938733666533 ], [ 9.321761403360869, 45.32215259433351 ], [ 9.321819729727933, 45.321908234118993 ], [ 9.321917628827816, 45.321527280114736 ], [ 9.321050489929828, 45.320911474501138 ], [ 9.320540866162954, 45.320759878105918 ], [ 9.319692641519719, 45.321941436021909 ], [ 9.319034734138672, 45.322933425290607 ], [ 9.318705947620947, 45.323465429488969 ], [ 9.31852821858231, 45.323627948970397 ], [ 9.317045487179616, 45.323019985249317 ], [ 9.316367527736215, 45.322715811535403 ], [ 9.315694800253503, 45.323347773024437 ], [ 9.31508487305338, 45.323808519553182 ], [ 9.314729231657358, 45.324113747036336 ], [ 9.315497280222553, 45.324545490875586 ], [ 9.316111166684884, 45.324795833120355 ], [ 9.316568915844622, 45.324506521856982 ], [ 9.317561966800467, 45.324251725541224 ], [ 9.318119985296413, 45.324321759154486 ], [ 9.317026564521759, 45.32551660277079 ], [ 9.317847859505861, 45.32600496020288 ], [ 9.316097533323392, 45.326794179979153 ], [ 9.314984302025977, 45.326239161611859 ], [ 9.31438592152398, 45.326483854656288 ], [ 9.313081141337712, 45.325902355857451 ], [ 9.313012743563124, 45.326007912956257 ], [ 9.312625341016082, 45.326551692506236 ], [ 9.310863921748682, 45.326466483303875 ], [ 9.309847626180771, 45.327153340361157 ], [ 9.309096117042911, 45.32789342467909 ], [ 9.30766955769138, 45.327888357738694 ], [ 9.307553981147946, 45.327456613046721 ], [ 9.307404220771961, 45.326903421363284 ], [ 9.306758782208599, 45.32671162813223 ], [ 9.30589484788743, 45.326524915533099 ], [ 9.304909187970466, 45.326167501785399 ], [ 9.304353406031797, 45.327006106379471 ], [ 9.304222124026753, 45.327213496673359 ], [ 9.303941831439916, 45.32729524568979 ], [ 9.303063864863693, 45.327179187605012 ], [ 9.302604069919354, 45.327694860683515 ], [ 9.301313717194835, 45.327707268021101 ], [ 9.300817696423447, 45.327717571489963 ], [ 9.300515377147134, 45.327832782431805 ], [ 9.299994413403601, 45.328815026435933 ], [ 9.300492774977204, 45.329034167168494 ], [ 9.300546687292938, 45.329057873647926 ], [ 9.299786529931133, 45.329668208946465 ], [ 9.297753708568612, 45.329542363297726 ], [ 9.297552257545368, 45.329051886731122 ], [ 9.296245180555401, 45.329025222362922 ], [ 9.294341083329778, 45.328986352382657 ], [ 9.293404100332562, 45.329042576277089 ], [ 9.292210720896318, 45.329025594881067 ], [ 9.290775600472735, 45.329005157061907 ], [ 9.289639190205106, 45.328972022651968 ], [ 9.289383285726776, 45.328932588933739 ], [ 9.289198203795264, 45.328852894773824 ], [ 9.288837290096094, 45.328913833921035 ], [ 9.288803842395398, 45.328926982242571 ], [ 9.288504844483471, 45.32908086172138 ], [ 9.288418266701884, 45.329125419509261 ], [ 9.287780737275071, 45.329467722748632 ], [ 9.287497990806376, 45.329738988275963 ], [ 9.287300678878953, 45.330050118781891 ], [ 9.287217367437073, 45.330431105766117 ], [ 9.287145087557576, 45.330761644463244 ], [ 9.286992653090149, 45.33094271457707 ], [ 9.286760197905762, 45.331076626325633 ], [ 9.28661799121315, 45.33109325870624 ], [ 9.286409688811442, 45.331181154258708 ], [ 9.286006385921022, 45.331351329141519 ], [ 9.285549755441703, 45.331623260872824 ], [ 9.285221052634711, 45.331469878229633 ], [ 9.284638362496539, 45.331197974488738 ], [ 9.284175157433591, 45.331503171000541 ], [ 9.28323678988885, 45.331068439552013 ], [ 9.282797786289985, 45.331539869597265 ], [ 9.28267888764938, 45.331667549081622 ], [ 9.28249958626289, 45.331806621504242 ], [ 9.28228455916752, 45.331883120476725 ], [ 9.281702802321243, 45.331402864690894 ], [ 9.281600685815183, 45.33131759776591 ], [ 9.281540644020613, 45.3312682479621 ], [ 9.281132436672596, 45.330973800355835 ], [ 9.281762974014201, 45.330745610167718 ], [ 9.282626251879961, 45.330447728933663 ], [ 9.28352754168702, 45.330212961877322 ], [ 9.283654215167056, 45.330179965057042 ], [ 9.283628518366315, 45.329861546531454 ], [ 9.283154097034007, 45.329948923805688 ], [ 9.28226049324425, 45.330113497574892 ], [ 9.281405768599914, 45.330294360124455 ], [ 9.281652565111351, 45.329872757865303 ], [ 9.281926334757003, 45.329437169591117 ], [ 9.280415626702609, 45.328593280892974 ], [ 9.281230653438135, 45.327763809017981 ], [ 9.28158391785677, 45.327627404429506 ], [ 9.281710117084113, 45.327496318057143 ], [ 9.281304173722171, 45.327332725987375 ], [ 9.281021698885898, 45.327218900899098 ], [ 9.280615365841314, 45.327057250736708 ], [ 9.280144694799221, 45.326870017411999 ], [ 9.278775365755919, 45.327854520581042 ], [ 9.278699764756539, 45.32795981633263 ], [ 9.27683926960712, 45.32724667024501 ], [ 9.277594248564538, 45.326538636665525 ], [ 9.277996261659192, 45.326031191778441 ], [ 9.278106307873427, 45.325788389830045 ], [ 9.27809521937453, 45.325588683584243 ], [ 9.278064358479456, 45.325481758025077 ], [ 9.278476751894473, 45.32503135234299 ], [ 9.278415591023489, 45.324931634359835 ], [ 9.278425108073229, 45.324810344112713 ], [ 9.27803035982339, 45.324732839471956 ], [ 9.277665912158753, 45.324648125287389 ], [ 9.277563467954705, 45.324377307491417 ], [ 9.277256793064147, 45.324521706815005 ], [ 9.276805353318521, 45.324645821397837 ], [ 9.276144360587152, 45.32451240468226 ], [ 9.275104696621172, 45.324073843327916 ], [ 9.274490996263195, 45.323823280211293 ], [ 9.274403670846553, 45.323858699977954 ], [ 9.2735267373757, 45.324592661651621 ], [ 9.275187500287721, 45.325664913802107 ], [ 9.2753556383934, 45.325759387067464 ], [ 9.27443929383943, 45.326560528123991 ], [ 9.274287617006806, 45.326479217263376 ], [ 9.274159973446519, 45.326410788944038 ], [ 9.270637445523883, 45.324522327515588 ], [ 9.26969940765955, 45.325023880874234 ], [ 9.268159077821723, 45.325806557422787 ], [ 9.266088992235801, 45.326710097926572 ], [ 9.264305358137017, 45.327492849556933 ], [ 9.263498214677904, 45.327842923193671 ], [ 9.262226272527894, 45.327152752717602 ], [ 9.263513909394936, 45.325694586881227 ], [ 9.26028213337419, 45.324389461549345 ], [ 9.260030687838706, 45.324287911424442 ], [ 9.259354871755249, 45.324677391862238 ], [ 9.258117606244785, 45.325390435859283 ], [ 9.257251449946242, 45.325839653067803 ], [ 9.256293621107435, 45.325812620181615 ], [ 9.256122131170224, 45.325807782240567 ], [ 9.255768410811061, 45.325797793885052 ], [ 9.255657241007583, 45.325812310012623 ], [ 9.255606841309904, 45.325848090008606 ], [ 9.255494566442698, 45.325959715684384 ], [ 9.255254486314159, 45.326198411823455 ], [ 9.254440218443319, 45.327277363569792 ], [ 9.253998933292797, 45.327117902824583 ], [ 9.249456962081577, 45.325476486161513 ], [ 9.249416388246816, 45.325448042091352 ], [ 9.248593244135185, 45.326472289901801 ], [ 9.246924032730941, 45.328400994486152 ], [ 9.246369138173764, 45.328184269553006 ], [ 9.245480987293661, 45.327896788362033 ], [ 9.247564225878969, 45.325349457321046 ], [ 9.246386735031548, 45.324778498185573 ], [ 9.246363797341857, 45.324754363565141 ], [ 9.246028273260819, 45.324518188472048 ], [ 9.244903055662176, 45.324628627251734 ], [ 9.244268784315629, 45.324846004111762 ], [ 9.243306290427666, 45.324870567404346 ], [ 9.243121144903116, 45.325231822011801 ], [ 9.243270518117743, 45.325640257215319 ], [ 9.243323502465566, 45.325827006470632 ], [ 9.243361920682469, 45.325962401272072 ], [ 9.243402302170013, 45.326104771568225 ], [ 9.24301743770636, 45.326315927063511 ], [ 9.24264648144587, 45.326248991813365 ], [ 9.242569533515717, 45.326235066247847 ], [ 9.241837614728123, 45.326092931478939 ], [ 9.241656544588391, 45.326057777148435 ], [ 9.240919577706046, 45.326419383268131 ], [ 9.240674188585198, 45.326950988339924 ], [ 9.240452170617004, 45.327158477581989 ], [ 9.240353975507386, 45.327260445200139 ], [ 9.240213853664871, 45.327392999492908 ], [ 9.239739510465487, 45.327844108879532 ], [ 9.239649436655384, 45.327929775284495 ], [ 9.239240633469249, 45.327995188597704 ], [ 9.239135772392473, 45.328011968082905 ], [ 9.238765986394855, 45.32807113563581 ], [ 9.238140757878185, 45.328178201177309 ], [ 9.237769092492199, 45.328270887963292 ], [ 9.237440058051115, 45.328352940674201 ], [ 9.237211491960522, 45.328623466834685 ], [ 9.237193747133187, 45.328718108480338 ], [ 9.237149051441392, 45.32895662786752 ], [ 9.237008799145968, 45.329078440680867 ], [ 9.236889441248097, 45.329184602446816 ], [ 9.23683122096647, 45.329236360651514 ], [ 9.236745038241187, 45.329288732175343 ], [ 9.236487520469494, 45.329444066442512 ], [ 9.236232925152713, 45.329597619903268 ], [ 9.2351245240002, 45.330040976773638 ], [ 9.233952622923884, 45.330268415618747 ], [ 9.233790677456771, 45.330644554965417 ], [ 9.233781955516147, 45.33067198569497 ], [ 9.233768111419677, 45.330710663360342 ], [ 9.233712535039174, 45.330836029834067 ], [ 9.233708536826521, 45.330873260621523 ], [ 9.23369817198301, 45.330969789482388 ], [ 9.233668311373535, 45.33124791203808 ], [ 9.23362719448474, 45.331630598091152 ], [ 9.23375446989059, 45.332029284349034 ], [ 9.233692999926326, 45.33230325708918 ], [ 9.233246954648106, 45.332448181362992 ], [ 9.232623062174767, 45.33280050567204 ], [ 9.232267973890997, 45.333350307448995 ], [ 9.231988745791012, 45.333598002066232 ], [ 9.231911951745735, 45.333666105082692 ], [ 9.231591700179672, 45.333666754881236 ], [ 9.231480606882744, 45.333604784011008 ], [ 9.231221959654254, 45.333460475381521 ], [ 9.23035397471863, 45.333397799899231 ], [ 9.230251781487141, 45.333390424076207 ], [ 9.229792256970656, 45.33337335660508 ], [ 9.229493558600449, 45.333400910048873 ], [ 9.228942087432959, 45.333099200654871 ], [ 9.229571685908573, 45.332464685670445 ], [ 9.230627332044428, 45.331580452189485 ], [ 9.23078891384757, 45.33117275110336 ], [ 9.230278480324419, 45.330527984606007 ], [ 9.229527603005495, 45.330072793518852 ], [ 9.229764505376021, 45.329655895075277 ], [ 9.229789795673451, 45.32959277314577 ], [ 9.22982506276669, 45.329504748548246 ], [ 9.229887845881423, 45.329348044537724 ], [ 9.228779581667922, 45.32878472938085 ], [ 9.227768662759351, 45.328084643567827 ], [ 9.227191327128788, 45.327311681226874 ], [ 9.225937442255406, 45.326468050279992 ], [ 9.224914747507221, 45.326001991728262 ], [ 9.224161729052392, 45.325958474011948 ], [ 9.223424271050584, 45.326229950497719 ], [ 9.222761069983939, 45.326312266678279 ], [ 9.221688241670428, 45.326071310484942 ], [ 9.220347623264226, 45.325866882986148 ], [ 9.219186535433089, 45.325896104172521 ], [ 9.218268565255682, 45.326095907547646 ], [ 9.21822839850628, 45.326122676184227 ], [ 9.218194621278277, 45.326145222640463 ], [ 9.218088558479428, 45.326216022376506 ], [ 9.217403040553203, 45.326673616177182 ], [ 9.216564889970416, 45.327422313774299 ], [ 9.215919323747723, 45.328170419785316 ], [ 9.215561178369903, 45.32857638375939 ], [ 9.215103495368302, 45.329027313380031 ], [ 9.21456946716588, 45.32954139262057 ], [ 9.21392070182287, 45.330091688988674 ], [ 9.21375959721105, 45.330212166569552 ], [ 9.213220833234539, 45.330615110621039 ], [ 9.212900506379922, 45.330850346856472 ], [ 9.212508150533811, 45.331138515752698 ], [ 9.211667821322987, 45.331653151610261 ], [ 9.210956408593232, 45.332203546114854 ], [ 9.210472691194376, 45.332537480453929 ], [ 9.20966899279507, 45.332619979331952 ], [ 9.208482547404566, 45.33273015982266 ], [ 9.207168772362087, 45.332921580616052 ], [ 9.206021832178072, 45.333153186384862 ], [ 9.205282462898269, 45.333379568838062 ], [ 9.204939222858236, 45.333636722413857 ], [ 9.204849714261114, 45.33370439077774 ], [ 9.201822641034205, 45.334803438817687 ], [ 9.201727818124004, 45.334839590316541 ], [ 9.201876181217012, 45.333790617557241 ], [ 9.201815506505977, 45.333372201104204 ], [ 9.201773920454336, 45.332436140604024 ], [ 9.201693889943524, 45.331464126014602 ], [ 9.201679858142041, 45.331104101862252 ], [ 9.201639238164406, 45.330447085484145 ], [ 9.201596755993092, 45.329564875132043 ], [ 9.201582045216599, 45.329051972154986 ], [ 9.201453536009144, 45.328800158590703 ], [ 9.2008411204149, 45.328495202752947 ], [ 9.200787124001351, 45.32747355141111 ], [ 9.2009329584796, 45.326418624030964 ], [ 9.200772103006051, 45.325853730776949 ], [ 9.200646378966328, 45.325412204701038 ], [ 9.200637518073419, 45.325381083480387 ], [ 9.200213775579629, 45.324625724543132 ], [ 9.199777299443493, 45.323879365118422 ], [ 9.199430462820406, 45.323213887197042 ], [ 9.198906552862512, 45.322656705748948 ], [ 9.198204728173167, 45.322639934665268 ], [ 9.197593758894948, 45.323073047753134 ], [ 9.196969185997366, 45.323263156277143 ], [ 9.195832957611838, 45.32308507723436 ], [ 9.195181112648172, 45.322762146507685 ], [ 9.194898192000885, 45.322353064251075 ], [ 9.194878969053917, 45.322326108101251 ], [ 9.194866294409332, 45.321989861966181 ], [ 9.194867455159292, 45.321322761263467 ], [ 9.19490336045836, 45.320134228124857 ], [ 9.194970650257405, 45.319296990079962 ], [ 9.195009559766468, 45.31925192464459 ], [ 9.195443232210636, 45.318747102821206 ], [ 9.196241100251481, 45.317836587361349 ], [ 9.196274288492614, 45.317799035800917 ], [ 9.196829973157405, 45.317160995586164 ], [ 9.196634690493669, 45.316978354566636 ], [ 9.196384926080183, 45.31676518494433 ], [ 9.196344376768749, 45.316108146906558 ], [ 9.1955926098854, 45.31535557347059 ], [ 9.195563418420203, 45.315326351710873 ], [ 9.195012637901474, 45.314987994476631 ], [ 9.194949774483359, 45.314949383944473 ], [ 9.194221382317071, 45.314599570920542 ], [ 9.193226204565008, 45.314457245865086 ], [ 9.192358811270639, 45.314503709023931 ], [ 9.192152183774992, 45.313712560154919 ], [ 9.192162554069609, 45.313054825209512 ], [ 9.192796293760079, 45.312560553443276 ], [ 9.192772509451192, 45.312492262811062 ], [ 9.1926828031533, 45.312234780561084 ], [ 9.191700156045457, 45.312137420978097 ], [ 9.191576036607874, 45.312140263049905 ], [ 9.190424571090398, 45.312166598680577 ], [ 9.189224750826016, 45.31197956263037 ], [ 9.188294217192569, 45.311837068520568 ], [ 9.187948242644671, 45.31149560005948 ], [ 9.187539690279054, 45.311397256735276 ], [ 9.18689110313392, 45.312010411066858 ], [ 9.186369059299658, 45.312200295086242 ], [ 9.186047791101908, 45.312163794153989 ], [ 9.1859747727607, 45.312155498529805 ], [ 9.185803696930396, 45.312136063817398 ], [ 9.185748446034088, 45.312129786969905 ], [ 9.18510129481125, 45.311930211828042 ], [ 9.184684027033441, 45.311878954420649 ], [ 9.184248871393242, 45.311438586041774 ], [ 9.183902382313253, 45.310809043099056 ], [ 9.183595368075187, 45.310548500777337 ], [ 9.183048101429325, 45.310945431522129 ], [ 9.18235888636446, 45.310838524876765 ], [ 9.182058556193612, 45.310741797485477 ], [ 9.182497245130838, 45.310226212543789 ], [ 9.182939903753786, 45.309525848806217 ], [ 9.182854300188334, 45.309159077375057 ], [ 9.183206671520525, 45.308685844469672 ], [ 9.183557842803504, 45.308317288306782 ], [ 9.183594987493798, 45.308275901196495 ], [ 9.183695333332206, 45.308173857059771 ], [ 9.183729459717711, 45.308137228419369 ], [ 9.183842388519441, 45.308018766886285 ], [ 9.184630167379819, 45.307063347053798 ], [ 9.185912270572665, 45.305269992819831 ], [ 9.186457653406123, 45.304440974453584 ], [ 9.187015211122903, 45.303314893772075 ], [ 9.187547756580047, 45.302476895785958 ], [ 9.188043596616103, 45.301990009471368 ], [ 9.188626012876796, 45.301027737427283 ], [ 9.188525241902001, 45.300383485386476 ], [ 9.188838757856987, 45.299893587303629 ], [ 9.188739397362019, 45.299418547719284 ], [ 9.189053203081496, 45.298864854278143 ], [ 9.190275590056856, 45.298259728738948 ], [ 9.191370649903174, 45.297843834041821 ], [ 9.192427390899725, 45.297292976927345 ], [ 9.193138536460781, 45.296508663294908 ], [ 9.193391156517048, 45.295783617505897 ], [ 9.19370735740166, 45.295008965120793 ], [ 9.193921762627273, 45.294301993796367 ], [ 9.194455928893133, 45.293878024099776 ], [ 9.195462484316906, 45.293597257037824 ], [ 9.196048970105853, 45.293551253543946 ], [ 9.196762184706436, 45.293279974208822 ], [ 9.19744999111424, 45.293026746262861 ], [ 9.198085163867903, 45.292773604558043 ], [ 9.198581237684976, 45.292403695699811 ], [ 9.199230169127897, 45.291988500002915 ], [ 9.199994096694512, 45.291636109548307 ], [ 9.200719917265552, 45.291319815607146 ], [ 9.200844477612288, 45.291058524402764 ], [ 9.198639684301128, 45.290828387030643 ], [ 9.198654412739149, 45.291512378366313 ], [ 9.197608717892733, 45.291469202113845 ], [ 9.196999543113593, 45.291857312973555 ], [ 9.196464548840753, 45.292038250283369 ], [ 9.195596162893562, 45.291688686247234 ], [ 9.195161778150482, 45.291132761531998 ], [ 9.195222913506379, 45.290690172836811 ], [ 9.195450507621031, 45.290122690220819 ], [ 9.195700350777695, 45.289571392322657 ], [ 9.195371451918907, 45.289384712227999 ], [ 9.194480428834673, 45.289863308948583 ], [ 9.193959904140092, 45.290539306896086 ], [ 9.193961530181639, 45.29101637109838 ], [ 9.193758274973861, 45.291250765021353 ], [ 9.193452606685359, 45.291368288715077 ], [ 9.192954673454285, 45.291189114272782 ], [ 9.191921685341667, 45.291181839745029 ], [ 9.190482396602107, 45.291706343209896 ], [ 9.189590754823195, 45.292022860944009 ], [ 9.188571539366412, 45.292321607370567 ], [ 9.187564927434307, 45.292224251443749 ], [ 9.18612333163812, 45.292055570185525 ], [ 9.184428814012985, 45.292553405818012 ], [ 9.184034808441217, 45.292968106900737 ], [ 9.183846515607, 45.293895554529925 ], [ 9.183542961255197, 45.294679155501797 ], [ 9.183111624120928, 45.295381958154408 ], [ 9.182529284536507, 45.296355033464714 ], [ 9.181867582191833, 45.296824168432771 ], [ 9.181397884882569, 45.297509013507749 ], [ 9.180966444477908, 45.298202810917665 ], [ 9.180686804000301, 45.298500294463778 ], [ 9.179278548528368, 45.298192906742891 ], [ 9.178736601214174, 45.298881415966783 ], [ 9.178497918281725, 45.299066348747246 ], [ 9.178382575453957, 45.2991616833175 ], [ 9.17832709522258, 45.29919636614062 ], [ 9.178036822045545, 45.299413650495083 ], [ 9.176750433347587, 45.299604678949763 ], [ 9.175193826193322, 45.299427043627226 ], [ 9.173547672626514, 45.299150508089966 ], [ 9.171748546494989, 45.298892189953015 ], [ 9.171021285940855, 45.298803263981583 ], [ 9.17083442567116, 45.299892711409122 ], [ 9.165872061167295, 45.299593989044034 ], [ 9.164812543492271, 45.299289467104799 ], [ 9.164595296799071, 45.298486758840923 ], [ 9.164690620693253, 45.297912542811133 ], [ 9.163941361278839, 45.297940516172176 ], [ 9.162616750138987, 45.298014416924175 ], [ 9.162094360438365, 45.298204190052417 ], [ 9.161380254358333, 45.298241204389036 ], [ 9.159811565759981, 45.298270418033063 ], [ 9.15951833565169, 45.298306830163874 ], [ 9.159316601331986, 45.299144256009299 ], [ 9.159298757795002, 45.299212550623572 ], [ 9.159177789026378, 45.299675517301282 ], [ 9.158901003816124, 45.299656375854774 ], [ 9.158157252658903, 45.299604932386529 ], [ 9.158041928815605, 45.299389202062081 ], [ 9.158050744973091, 45.298002833532955 ], [ 9.157805556665215, 45.296968001457003 ], [ 9.157638027469437, 45.296347143910474 ], [ 9.156809219484957, 45.296411295005903 ], [ 9.155610089625881, 45.296304925612915 ], [ 9.153965344177875, 45.296046097892734 ], [ 9.152689626375752, 45.295912794870581 ], [ 9.152153874866304, 45.295877505794465 ], [ 9.151673119426528, 45.297336378698795 ], [ 9.151320007593561, 45.298831064381687 ], [ 9.150980911555736, 45.300820835995992 ], [ 9.14959272620578, 45.301614769522601 ], [ 9.148728437327062, 45.302318007686026 ], [ 9.147978878446063, 45.303471158503449 ], [ 9.147879253596621, 45.304398429298764 ], [ 9.147484479329689, 45.304650981109205 ], [ 9.147243042667354, 45.305002346262114 ], [ 9.146925316433443, 45.3054528231281 ], [ 9.145879741591388, 45.305607191482132 ], [ 9.145293481227634, 45.305805966013587 ], [ 9.144900223460985, 45.306661600842141 ], [ 9.144239997287762, 45.307409543552907 ], [ 9.143054699094044, 45.307816103585814 ], [ 9.142508145140198, 45.308599896759581 ], [ 9.141565151403075, 45.308997141732398 ], [ 9.141069186974123, 45.309618841975357 ], [ 9.140278997127263, 45.309907859385952 ], [ 9.139105199478804, 45.309837288890918 ], [ 9.138976175835198, 45.309243347488398 ], [ 9.138300445153064, 45.308902128352543 ], [ 9.138097341352395, 45.308421243598517 ], [ 9.138449531628048, 45.307749772504721 ], [ 9.139533041367663, 45.3074334017616 ], [ 9.139914585620858, 45.306973853415798 ], [ 9.140028028457959, 45.306415637598697 ], [ 9.140652335944919, 45.306126826141806 ], [ 9.140720955419503, 45.305903522937264 ], [ 9.14073693265181, 45.305851619833078 ], [ 9.140829431608442, 45.305550462444685 ], [ 9.140857916810624, 45.304941675851836 ], [ 9.139503933145923, 45.304860289394817 ], [ 9.138865209156871, 45.304821907856656 ], [ 9.137871918905539, 45.30475321676176 ], [ 9.138481888952562, 45.303267571478017 ], [ 9.137083129781216, 45.303365475302343 ], [ 9.13652685385796, 45.303404398640119 ], [ 9.136478250149654, 45.304412628611921 ], [ 9.136386687574598, 45.305490822103614 ], [ 9.136366614761918, 45.305726962937527 ], [ 9.136246094243731, 45.305786022113281 ], [ 9.1359661301084, 45.305923301887383 ], [ 9.135372819773975, 45.306214215851952 ], [ 9.134965614659086, 45.306628761400376 ], [ 9.134687694562436, 45.307772269783463 ], [ 9.134459893294803, 45.308537656046369 ], [ 9.133235151030263, 45.308485078147712 ], [ 9.132163979376505, 45.308648344952793 ], [ 9.131183838736455, 45.308874509959715 ], [ 9.13077596181253, 45.309019007910727 ], [ 9.130548226922429, 45.309838401049561 ], [ 9.130548908819032, 45.310135440478213 ], [ 9.131274545142428, 45.31032315916552 ], [ 9.131226515722195, 45.310782757455691 ], [ 9.130984743969902, 45.311044071195219 ], [ 9.129576776405408, 45.311086990162806 ], [ 9.129629679798978, 45.310550148440484 ], [ 9.129350564317477, 45.310487840989303 ], [ 9.128916615137063, 45.310398314550469 ], [ 9.128125541297848, 45.310327198604782 ], [ 9.127104992798536, 45.310157374587099 ], [ 9.127128307442632, 45.309565665293547 ], [ 9.127076285314493, 45.308897147690807 ], [ 9.126387139550179, 45.308762896167984 ], [ 9.125191983571142, 45.308441382112669 ], [ 9.125505020893275, 45.307899737003474 ], [ 9.125630015858992, 45.307338480399274 ], [ 9.125610438660141, 45.307166297164407 ], [ 9.125780722292141, 45.306346392575904 ], [ 9.125813585182041, 45.306188154228771 ], [ 9.124332376824061, 45.305910248113484 ], [ 9.124266567958829, 45.305900491955967 ], [ 9.122872251870655, 45.305694350647244 ], [ 9.122781095899597, 45.305680885299481 ], [ 9.122722283643261, 45.305834639149374 ], [ 9.122621640100506, 45.306097703696267 ], [ 9.122572375536841, 45.3062263142793 ], [ 9.122536306508112, 45.306324553317829 ], [ 9.122633930268806, 45.306370324392873 ], [ 9.122741620274878, 45.306433956030496 ], [ 9.122823501749577, 45.306485466975666 ], [ 9.122897710734971, 45.306531145081756 ], [ 9.122898422050126, 45.306561622299071 ], [ 9.122838685988068, 45.306629298190849 ], [ 9.122743345441233, 45.306849140283802 ], [ 9.122611965769874, 45.307018310462716 ], [ 9.122384678669098, 45.307145326026173 ], [ 9.122236222666483, 45.307228288357557 ], [ 9.122025609233916, 45.307255579996443 ], [ 9.121893905595311, 45.307272646037369 ], [ 9.121774275703919, 45.307340363664181 ], [ 9.121379958686314, 45.30777180836499 ], [ 9.121000057745592, 45.308187472179469 ], [ 9.120927644490141, 45.30826670212722 ], [ 9.120710701113854, 45.308457087913034 ], [ 9.120507340309393, 45.308575623868542 ], [ 9.120350743910027, 45.308781396243241 ], [ 9.120202302896951, 45.309082490443842 ], [ 9.120124551414074, 45.309278345415755 ], [ 9.120085867105148, 45.30935888685142 ], [ 9.120050029181998, 45.309407016505567 ], [ 9.119984399404546, 45.309446830415077 ], [ 9.119876553550885, 45.309499931516889 ], [ 9.119792117117566, 45.309523203307648 ], [ 9.11963728627761, 45.309553173850269 ], [ 9.119487094085438, 45.309556642699533 ], [ 9.119317626053258, 45.309560557257477 ], [ 9.119200819585783, 45.309576814296399 ], [ 9.119088261293573, 45.309619987384821 ], [ 9.118982880419489, 45.309660406546868 ], [ 9.11890852819244, 45.309679065643728 ], [ 9.118871813634838, 45.309694697049771 ], [ 9.118820980968604, 45.309716370494272 ], [ 9.118708470506188, 45.309782727258579 ], [ 9.118592185299974, 45.309879798032604 ], [ 9.118175583923025, 45.30994185546718 ], [ 9.116798796973239, 45.309664527773094 ], [ 9.116995948649523, 45.308493448640355 ], [ 9.116118559204482, 45.308377724960948 ], [ 9.115879169886691, 45.309260110852129 ], [ 9.114695815848265, 45.309027930413166 ], [ 9.115035082830996, 45.308189791108795 ], [ 9.115647466792453, 45.308234190697277 ], [ 9.115794218315475, 45.30755805548052 ], [ 9.115342340998343, 45.307442991815712 ], [ 9.115573711871606, 45.306677021528792 ], [ 9.115261631375514, 45.306677336889372 ], [ 9.114777039840924, 45.306749831017427 ], [ 9.114190315322166, 45.306777426136264 ], [ 9.113398969085868, 45.306535188226547 ], [ 9.112455199341278, 45.306626139356439 ], [ 9.111142000819976, 45.306969464226668 ], [ 9.11079965853275, 45.306935767789533 ], [ 9.110376490282615, 45.306916174508835 ], [ 9.109919523978368, 45.306825511605226 ], [ 9.10979149369707, 45.306800114759227 ], [ 9.109668695544915, 45.306775752412427 ], [ 9.109202479783329, 45.306683254723744 ], [ 9.107889309141772, 45.306625990617903 ], [ 9.106792510684043, 45.30673954750867 ], [ 9.105772875348544, 45.306992537573414 ], [ 9.104599974672567, 45.307353667275649 ], [ 9.103541534719746, 45.307525650958809 ], [ 9.103184026533176, 45.306933092784796 ], [ 9.103245833616397, 45.306247722951369 ], [ 9.103550500853563, 45.305176292490039 ], [ 9.103573459413854, 45.304254825263506 ], [ 9.103496170800584, 45.303628111127509 ], [ 9.10217006249934, 45.303656294100669 ], [ 9.100269966761363, 45.303675988973957 ], [ 9.09835670468485, 45.30347062920945 ], [ 9.097616925828971, 45.303498252003571 ], [ 9.09708271383389, 45.304371854799697 ], [ 9.096815429936374, 45.304714121287617 ], [ 9.096523093431367, 45.304651462112695 ], [ 9.09530975536212, 45.304391360817654 ], [ 9.09471073418054, 45.304445872279587 ], [ 9.094368419266605, 45.305472312191036 ], [ 9.093845878520636, 45.305733779188763 ], [ 9.093118620735078, 45.305626365201476 ], [ 9.090682495616131, 45.305529311259221 ], [ 9.089304993027582, 45.305350362342431 ], [ 9.089190930145163, 45.305038635144776 ], [ 9.089327132813104, 45.304368894116372 ], [ 9.088014808704461, 45.304145173829788 ], [ 9.086075944622525, 45.303867621923565 ], [ 9.085998558605759, 45.303291592131188 ], [ 9.084608756674106, 45.303121591812946 ], [ 9.084213185156031, 45.303283907506191 ], [ 9.082516929258045, 45.303141132319553 ], [ 9.082159403314787, 45.302880353478926 ], [ 9.081829869748628, 45.302817528602979 ], [ 9.081406655988772, 45.302736859402252 ], [ 9.080909422323149, 45.302890240930687 ], [ 9.080885973583371, 45.302974951259976 ], [ 9.080338349444718, 45.304951958097313 ], [ 9.078102184657926, 45.304998528010046 ], [ 9.077178393388193, 45.304837131765311 ], [ 9.076450519312125, 45.304549577746592 ], [ 9.075790524528241, 45.306107243088938 ], [ 9.07470612899724, 45.305999948296254 ], [ 9.074619400135266, 45.306558239340021 ], [ 9.07558655802876, 45.306665363251291 ], [ 9.075514496952655, 45.308015798047549 ], [ 9.077015219702462, 45.308266044166956 ], [ 9.076680409930857, 45.309609982519213 ], [ 9.078102860006734, 45.311006948004653 ], [ 9.07825104668134, 45.311213868774303 ], [ 9.078293466832596, 45.311273243771097 ], [ 9.080823793338171, 45.314814629299498 ], [ 9.081507099534711, 45.315770884819351 ], [ 9.081450962578057, 45.315771944727231 ], [ 9.080974861353742, 45.315781119953336 ], [ 9.078123394784386, 45.31583610181378 ], [ 9.077430626611115, 45.315647560684056 ], [ 9.076537267034945, 45.315432125851835 ], [ 9.075414284561212, 45.31520783984007 ], [ 9.073283374132251, 45.314948190009211 ], [ 9.072708458193416, 45.31487992244098 ], [ 9.071624602658469, 45.314751210816603 ], [ 9.069851002168621, 45.314536291153708 ], [ 9.069737200362695, 45.314375958822012 ], [ 9.069925950678156, 45.313231043297691 ], [ 9.070495959554705, 45.311556445330723 ], [ 9.071193740920465, 45.309755724536529 ], [ 9.071872106575819, 45.30641485648399 ], [ 9.070828855752094, 45.306137401430142 ], [ 9.068583406855355, 45.305787717343335 ], [ 9.066286804122925, 45.305321013523034 ], [ 9.064349861762382, 45.304937313980474 ], [ 9.063122732107798, 45.304701714430394 ], [ 9.0608641052153, 45.304243876536631 ], [ 9.058427358663058, 45.303813072433712 ], [ 9.056693272769763, 45.303669933995145 ], [ 9.055801939152269, 45.304822549872469 ], [ 9.05493641416399, 45.305930127233374 ], [ 9.054451313649208, 45.305543301971142 ], [ 9.053608792415043, 45.305264671069892 ], [ 9.052792951466108, 45.305409064277285 ], [ 9.052104039421147, 45.305292374457927 ], [ 9.051325162668359, 45.304887658522958 ], [ 9.050457559192839, 45.304636004645488 ], [ 9.050172207235526, 45.304242621368132 ], [ 9.050762151115903, 45.303807740287034 ], [ 9.051947462157903, 45.303213127161882 ], [ 9.052403373614368, 45.302769666917492 ], [ 9.052303331944584, 45.302672879696843 ], [ 9.051760909268362, 45.30262488893986 ], [ 9.051499669939712, 45.302601203600098 ], [ 9.051073889878641, 45.302541911417677 ], [ 9.050147082948763, 45.302412809254257 ], [ 9.049678983027786, 45.302311390161158 ], [ 9.048510395794265, 45.302058185728022 ], [ 9.048156921888928, 45.301981590754409 ], [ 9.046268978116393, 45.301739326625423 ], [ 9.044828605662797, 45.301901923521903 ], [ 9.043974717662527, 45.30229832822377 ], [ 9.042738154657325, 45.302667844398442 ], [ 9.041157128583169, 45.302938477485732 ], [ 9.039244304058924, 45.303020152963853 ], [ 9.038733450934011, 45.302678287635587 ], [ 9.037673849771728, 45.301859509325503 ], [ 9.037393357666355, 45.302030620932797 ], [ 9.03711260933779, 45.301850697020093 ], [ 9.036372076911693, 45.30128384210515 ], [ 9.035491142525101, 45.300573013628558 ], [ 9.034303577958475, 45.299619226150043 ], [ 9.033001291313088, 45.298683470378997 ], [ 9.032249884319985, 45.298024998155547 ], [ 9.032135153860153, 45.297932072462416 ], [ 9.03206348076594, 45.297794384736491 ], [ 9.031694184168938, 45.297312361718987 ], [ 9.031297725279794, 45.296869462545573 ], [ 9.031104453374381, 45.296705795936369 ], [ 9.030677671514139, 45.296344330007216 ], [ 9.030583730251278, 45.296269767318371 ], [ 9.030524986496943, 45.296170308818262 ], [ 9.030410752927166, 45.296145292732831 ], [ 9.030337204448976, 45.296204941552148 ], [ 9.030087159361859, 45.296514301390872 ], [ 9.02992511722527, 45.296743320338848 ], [ 9.029891576616029, 45.296798370332972 ], [ 9.029724788863868, 45.297072197679405 ], [ 9.029612765360721, 45.297331401219758 ], [ 9.029594898925437, 45.297433240226844 ], [ 9.029365473877993, 45.297712329279349 ], [ 9.029123668584457, 45.297946439841667 ], [ 9.028626958251504, 45.298558657155283 ], [ 9.028194518895244, 45.299377879922012 ], [ 9.027800265832038, 45.300053098117345 ], [ 9.027559140966599, 45.300917289593094 ], [ 9.027254273161088, 45.301839988874782 ], [ 9.026400964299452, 45.302902366525224 ], [ 9.026357932734081, 45.302942878477296 ], [ 9.025840379012902, 45.303433565711437 ], [ 9.025724051661225, 45.303575897641089 ], [ 9.02550928135021, 45.30383867012506 ], [ 9.025242052940031, 45.30433379731106 ], [ 9.025127705532949, 45.304495845838808 ], [ 9.0250099388957, 45.304921746242286 ], [ 9.025002862060665, 45.304965373292042 ], [ 9.025119986118547, 45.305053945208613 ], [ 9.025294230796096, 45.305170912025595 ], [ 9.026072911053737, 45.305539802422437 ], [ 9.026813442980743, 45.306205736855233 ], [ 9.02777085259414, 45.306817598933556 ], [ 9.028676646624911, 45.307042409338415 ], [ 9.02953069506893, 45.306664130279856 ], [ 9.030278348326316, 45.306001165538632 ], [ 9.030055460481657, 45.305660456779101 ], [ 9.030179443866981, 45.305484778020755 ], [ 9.030727287362858, 45.305007557222368 ], [ 9.031695241818909, 45.303828126792247 ], [ 9.03254927446028, 45.303494824985414 ], [ 9.033110727680729, 45.303890736247389 ], [ 9.034029245198614, 45.304070481699412 ], [ 9.034819388492203, 45.303597666730695 ], [ 9.035392075238589, 45.302787372164076 ], [ 9.036421143758776, 45.303190255893945 ], [ 9.036299010221239, 45.30362421312055 ], [ 9.035764147647434, 45.304340003105139 ], [ 9.034796698111395, 45.305618498938593 ], [ 9.034530179741983, 45.306518715086462 ], [ 9.034263681662621, 45.30750894756855 ], [ 9.033868815569441, 45.307788094682508 ], [ 9.033540567840252, 45.308029115980482 ], [ 9.033781654240105, 45.309354360024273 ], [ 9.034050765238115, 45.310083394699284 ], [ 9.034689261899404, 45.31047925674627 ], [ 9.034892640079047, 45.310988751644601 ], [ 9.034614885198694, 45.31207252509919 ], [ 9.03405439412985, 45.312783797759067 ], [ 9.03323914633358, 45.313540159057609 ], [ 9.032512630444694, 45.314017442187463 ], [ 9.031684475490355, 45.314512741853314 ], [ 9.03066445981387, 45.31493609821711 ], [ 9.029645019770738, 45.315692470210159 ], [ 9.029275836134811, 45.316475693165529 ], [ 9.029243473245856, 45.316564740862589 ], [ 9.029001685847147, 45.316399226678719 ], [ 9.028470370612256, 45.316764687726973 ], [ 9.028377056608592, 45.316825165423523 ], [ 9.028244518764522, 45.316895013331852 ], [ 9.028191189531269, 45.316927801597302 ], [ 9.027999278821863, 45.317065568810797 ], [ 9.02788662817572, 45.317146470574897 ], [ 9.027753220014295, 45.317236996195113 ], [ 9.027587429895789, 45.317324017127994 ], [ 9.027376272870722, 45.317438344621799 ], [ 9.027222292014843, 45.317525009334652 ], [ 9.027049148528318, 45.317665193646214 ], [ 9.026981196006613, 45.317739890034616 ], [ 9.026870282212197, 45.317859929468135 ], [ 9.026757558458609, 45.317979304010215 ], [ 9.026726656791608, 45.318003319842781 ], [ 9.026546859306748, 45.318143051266183 ], [ 9.026277287274857, 45.318353034896781 ], [ 9.026180568888522, 45.318429027318075 ], [ 9.026060398211266, 45.318515885226617 ], [ 9.025953272620397, 45.318582260906894 ], [ 9.025842053440741, 45.318617073923321 ], [ 9.025748165787579, 45.318646460468443 ], [ 9.025646257180165, 45.318702654974217 ], [ 9.025561308312898, 45.318749496716812 ], [ 9.025488038621587, 45.318807433643983 ], [ 9.025424607484657, 45.318857589304727 ], [ 9.025353109623703, 45.318938194031553 ], [ 9.025289410481532, 45.319011736270461 ], [ 9.025224370773195, 45.319089415822546 ], [ 9.02515123707199, 45.319176759245416 ], [ 9.025057780877924, 45.319267416003008 ], [ 9.024966693993248, 45.319355775002009 ], [ 9.024889149757255, 45.319416227470271 ], [ 9.024781728837457, 45.31949997124832 ], [ 9.024478605745992, 45.319719602880859 ], [ 9.024361786722968, 45.319794715910575 ], [ 9.024130446986703, 45.319930020368176 ], [ 9.024062444682126, 45.319986958798609 ], [ 9.023954122327284, 45.320077659177663 ], [ 9.0237341989724, 45.320247369260059 ], [ 9.023397316650613, 45.320518449918602 ], [ 9.023089147920841, 45.320769374992679 ], [ 9.022984332182736, 45.320836933782168 ], [ 9.0225877938789, 45.321017671371656 ], [ 9.022555779968865, 45.32104800977968 ], [ 9.022388714778799, 45.32120507960164 ], [ 9.022081545722434, 45.321465474823455 ], [ 9.021833253418997, 45.321664965176083 ], [ 9.021401382832634, 45.32197615751258 ], [ 9.020956271300083, 45.3223028717725 ], [ 9.020860568021527, 45.322390689111764 ], [ 9.020826863348844, 45.322432323214521 ], [ 9.020611608773349, 45.322705697475513 ], [ 9.020516536149655, 45.322833117036907 ], [ 9.020469489849537, 45.322872569683135 ], [ 9.020291379539589, 45.323017232614582 ], [ 9.020104077097038, 45.323157367370577 ], [ 9.020026214700522, 45.323235097470302 ], [ 9.019960903642485, 45.323315550051539 ], [ 9.019919992750891, 45.323391337408623 ], [ 9.019903604444911, 45.323476511655763 ], [ 9.019903648197266, 45.323601460289495 ], [ 9.01994930043084, 45.323775359657937 ], [ 9.020029144714469, 45.323971198460143 ], [ 9.020042860353074, 45.324075882501489 ], [ 9.02004525526336, 45.324187630135867 ], [ 9.02004622957385, 45.324233083504609 ], [ 9.020051400935165, 45.324322681769821 ], [ 9.020069489993093, 45.324464649788709 ], [ 9.020092929728115, 45.324733679908519 ], [ 9.020116134641542, 45.325149809335763 ], [ 9.020139118623916, 45.325503256535391 ], [ 9.020163040161, 45.325833364683653 ], [ 9.020167395164441, 45.325955271827681 ], [ 9.019852098507751, 45.326013814632837 ], [ 9.019653660241859, 45.324160445508333 ], [ 9.019436754087266, 45.324214478507358 ], [ 9.019207556810096, 45.324475571779949 ], [ 9.018876331497147, 45.324880675290899 ], [ 9.018520308258163, 45.32516064060151 ], [ 9.018315366426343, 45.325321808830097 ], [ 9.018021925809654, 45.325222871477806 ], [ 9.017217506671965, 45.324799935476598 ], [ 9.016658653263002, 45.324654776951142 ], [ 9.016490069929203, 45.324610962731661 ], [ 9.016295210876587, 45.324579449745627 ], [ 9.016045442668279, 45.324539030954313 ], [ 9.014843946701559, 45.324341148821176 ], [ 9.01323599214226, 45.323909344310273 ], [ 9.013008071941696, 45.323848155475957 ], [ 9.01290075399368, 45.323819339717623 ], [ 9.00976445185603, 45.322811510383282 ], [ 9.009585747127263, 45.322406458179998 ], [ 9.008845261741548, 45.322271501172331 ], [ 9.008641533962169, 45.322397536604065 ], [ 9.008334880424936, 45.322226522570183 ], [ 9.007058880463489, 45.321812545157286 ], [ 9.003690555707275, 45.321002726331194 ], [ 9.003739319256349, 45.320264255484261 ], [ 9.002796362893841, 45.320084469190625 ], [ 9.002553955549253, 45.320813588077201 ], [ 9.002018055214938, 45.320570573078854 ], [ 9.001278019749938, 45.319913477381981 ], [ 8.999796793760147, 45.318788317452217 ], [ 8.99830364675902, 45.318068187590029 ], [ 8.997933643246235, 45.317591107822999 ], [ 8.997373043277971, 45.318635259638569 ], [ 8.996583828075858, 45.321056609259912 ], [ 8.995805523217212, 45.320984559376008 ], [ 8.995740597547755, 45.320147433944129 ], [ 8.995103456811913, 45.320147408406918 ], [ 8.994657960442394, 45.321497587829121 ], [ 8.992744042520709, 45.321461479306301 ], [ 8.992145385520292, 45.32272163992441 ], [ 8.991665387711116, 45.322756104735014 ], [ 8.990039947725656, 45.322446926227514 ], [ 8.990014093637718, 45.32161426315902 ], [ 8.988307335029758, 45.321596139758405 ], [ 8.988685964037149, 45.320516022024769 ], [ 8.989094388052681, 45.319831946607238 ], [ 8.989680345897545, 45.318616818109149 ], [ 8.990382238582995, 45.317581729158285 ], [ 8.991069370105038, 45.316528625399478 ], [ 8.991898028608768, 45.315385526662737 ], [ 8.992509372175268, 45.314053360509696 ], [ 8.992725193506688, 45.312982202389541 ], [ 8.993387929137635, 45.3117040473361 ], [ 8.994344457239574, 45.310335904919654 ], [ 8.99536274444174, 45.308742704529571 ], [ 8.996177653548573, 45.307464538413178 ], [ 8.996890869212477, 45.30628537753821 ], [ 8.997808168732972, 45.304890196702509 ], [ 8.998223729638482, 45.304445869199746 ], [ 8.998016823734233, 45.303955406729365 ], [ 8.998407722131764, 45.30329695883681 ], [ 8.998712276680571, 45.30263085645835 ], [ 8.998734144477636, 45.302504835528268 ], [ 8.996875532386795, 45.302504799807231 ], [ 8.996635498142654, 45.301568257929596 ], [ 8.997392284346079, 45.301425546225325 ], [ 8.997221942957454, 45.300832068479771 ], [ 8.996440758817588, 45.300938536671694 ], [ 8.996274914112142, 45.30130759625289 ], [ 8.994222565930553, 45.301595555475991 ], [ 8.9940057586688, 45.301298485653533 ], [ 8.992908836289569, 45.301406451021343 ], [ 8.992449665865283, 45.301388410589453 ], [ 8.992258873704175, 45.300966401722974 ], [ 8.99229524842856, 45.299691657296762 ], [ 8.993569053121307, 45.299404001076752 ], [ 8.993540479491632, 45.299210737361165 ], [ 8.99326548286821, 45.297350806648865 ], [ 8.994894113756663, 45.297000574173872 ], [ 8.994755557541174, 45.295614839331847 ], [ 8.994932196331154, 45.295677193212128 ], [ 8.995429947603643, 45.296055276381658 ], [ 8.996258918110229, 45.29659537422215 ], [ 8.997241304583037, 45.297153498821018 ], [ 8.997790117424126, 45.29768458137854 ], [ 8.999677306024886, 45.297189534807167 ], [ 9.000340915255347, 45.297981661087022 ], [ 9.002262011294141, 45.297559509627654 ], [ 9.002131989041317, 45.297300271987424 ], [ 9.002378250811057, 45.297043446563713 ], [ 9.001296931463557, 45.296147737013754 ], [ 9.00203036713124, 45.295787574370834 ], [ 9.001777193549483, 45.295412751528652 ], [ 9.002898835225453, 45.29503080203029 ], [ 9.003431673258572, 45.294841975334116 ], [ 9.002875224536446, 45.29412004112212 ], [ 9.002504920882986, 45.293543941873381 ], [ 9.002070882806461, 45.292697827436356 ], [ 9.001965956884487, 45.292087067337327 ], [ 9.001943781023995, 45.291939952275641 ], [ 9.002209930344073, 45.291559129645051 ], [ 9.003631486885254, 45.291203561495543 ], [ 9.00400959389726, 45.291109008248291 ], [ 9.006156631237181, 45.290579159276369 ], [ 9.005232780397851, 45.292396154792662 ], [ 9.007209016761122, 45.292044992738319 ], [ 9.007745556494125, 45.293044107519378 ], [ 9.009326010645889, 45.292224873295126 ], [ 9.010040666893378, 45.292809897969846 ], [ 9.011658917570152, 45.291945609975151 ], [ 9.012054697405254, 45.292161608545598 ], [ 9.013418242973462, 45.291360331485492 ], [ 9.01378812657874, 45.291621325437141 ], [ 9.013928391039524, 45.291567294224251 ], [ 9.014795051354826, 45.291090109353583 ], [ 9.014999119137617, 45.291144096936009 ], [ 9.015190389094165, 45.291099071527647 ], [ 9.015809174987467, 45.290590066229704 ], [ 9.015130065164032, 45.289942541318425 ], [ 9.016037508495296, 45.289131846042416 ], [ 9.015952984770793, 45.289046650869174 ], [ 9.014950798154745, 45.288294985462763 ], [ 9.016290169665879, 45.287214297139016 ], [ 9.015480380378294, 45.286393246778509 ], [ 9.015948162677407, 45.28469897068036 ], [ 9.017338658198696, 45.285436880979802 ], [ 9.018161603041385, 45.284685366589827 ], [ 9.018000645445708, 45.284554633921097 ], [ 9.017528773623729, 45.284257664876705 ], [ 9.016724865974499, 45.28359167787513 ], [ 9.016194377728201, 45.283039408291181 ], [ 9.018214572453074, 45.28186317854253 ], [ 9.018635398571469, 45.282070152815486 ], [ 9.019101303279355, 45.281785202383645 ], [ 9.018471235836177, 45.281091960594495 ], [ 9.018697475597271, 45.28057770418873 ], [ 9.017884951859312, 45.279645096967421 ], [ 9.01809284932879, 45.279051349681744 ], [ 9.017981669449796, 45.278811713487563 ], [ 9.017240759229567, 45.278055701974615 ], [ 9.016411741163482, 45.277011671323905 ], [ 9.015441351305464, 45.276102650812895 ], [ 9.015087665572434, 45.275908244289411 ], [ 9.014319267241021, 45.275508713928126 ], [ 9.014242818795841, 45.275724743964368 ], [ 9.013925459028727, 45.276399888557101 ], [ 9.013492160310125, 45.277192069792768 ], [ 9.013160755923185, 45.27750716144363 ], [ 9.011681527551746, 45.27614811638886 ], [ 9.010890719188533, 45.276269698442789 ], [ 9.010522016312395, 45.276418829178631 ], [ 9.010011486054202, 45.276625331430296 ], [ 9.009261052968808, 45.277149232784936 ], [ 9.008966947810242, 45.277354539693583 ], [ 9.008036713442879, 45.277858693147358 ], [ 9.006978506385474, 45.278065786107156 ], [ 9.006545017716357, 45.277912801792638 ], [ 9.006251716210361, 45.277480741420618 ], [ 9.005792719913698, 45.277318740638101 ], [ 9.004313360009098, 45.277003753993199 ], [ 9.002796165479451, 45.276391706254074 ], [ 9.001737156348451, 45.275698630531792 ], [ 9.00069132850062, 45.274672461715951 ], [ 8.999670629811517, 45.27374531584924 ], [ 8.998624840049711, 45.273061207078307 ], [ 8.997757566709019, 45.272755154211488 ], [ 8.996687108719065, 45.272737117086415 ], [ 8.995175932457657, 45.272375871041525 ], [ 8.995067692811867, 45.272349998819585 ], [ 8.994290057682433, 45.272259944929573 ], [ 8.99413708368526, 45.272043898567532 ], [ 8.993678156967603, 45.271971867516434 ], [ 8.993257934719226, 45.271818981866986 ], [ 8.993307213157264, 45.270822501874598 ], [ 8.993192011363478, 45.269626971729387 ], [ 8.992578482352227, 45.266872495352068 ], [ 8.992106467749158, 45.266795941014109 ], [ 8.991290662303003, 45.266741885292511 ], [ 8.989582527633857, 45.26684075612031 ], [ 8.988576703231686, 45.266759638306667 ], [ 8.988257945138303, 45.266726506547528 ], [ 8.988112808971803, 45.266711420314699 ], [ 8.987276549035514, 45.266624483697505 ], [ 8.986700082214, 45.266563951314517 ], [ 8.98626442012586, 45.266519035350406 ], [ 8.986065601882599, 45.266498320407408 ], [ 8.985480976296564, 45.266205237780348 ], [ 8.985261333488443, 45.266095128433236 ], [ 8.985095744499581, 45.266012105858863 ], [ 8.984369340314119, 45.265390898506944 ], [ 8.983719367960216, 45.265030754616028 ], [ 8.982938975749347, 45.264993635512219 ], [ 8.982610292013707, 45.265395171988644 ], [ 8.981374753622548, 45.266335621093177 ], [ 8.980533948845272, 45.267217629260315 ], [ 8.979183453411959, 45.268486581444243 ], [ 8.978215097257436, 45.269449552493512 ], [ 8.977208451773418, 45.270367508141398 ], [ 8.976609814427329, 45.271033495312544 ], [ 8.975590420676328, 45.271843405970529 ], [ 8.974596422065954, 45.272842343568954 ], [ 8.974112438179713, 45.273598361346039 ], [ 8.97391121126352, 45.274421924299396 ], [ 8.973895111962996, 45.274505334752973 ], [ 8.973879271661827, 45.274571540709715 ], [ 8.973845003166412, 45.274714496369768 ], [ 8.973817770134286, 45.275102593056658 ], [ 8.973815347303686, 45.275136971898199 ], [ 8.973794485460662, 45.275434586122962 ], [ 8.973678307487718, 45.275879273559099 ], [ 8.973642155453584, 45.276017705442499 ], [ 8.973619968100813, 45.276102633880299 ], [ 8.973578150163966, 45.276262674305876 ], [ 8.972915083706489, 45.276523557690084 ], [ 8.971653091392902, 45.276928321160682 ], [ 8.970442144338092, 45.27725206328504 ], [ 8.9699655947812, 45.277416755312146 ], [ 8.969247482583423, 45.277660812388682 ], [ 8.968759688667653, 45.277827704409262 ], [ 8.96734499738626, 45.278313382696268 ], [ 8.965827927649524, 45.278749513664124 ], [ 8.964387347465822, 45.279181132278211 ], [ 8.963598556712629, 45.279504699427392 ], [ 8.963290958554829, 45.279630869304505 ], [ 8.962858671841705, 45.280261589553469 ], [ 8.962833288299565, 45.280283740248166 ], [ 8.962628533498858, 45.280575794070366 ], [ 8.961965505494225, 45.281214675959262 ], [ 8.960780104549633, 45.281808377344269 ], [ 8.958899644583392, 45.282996712651354 ], [ 8.958408920593984, 45.283450289656592 ], [ 8.957146076897924, 45.284124926461182 ], [ 8.955272380844143, 45.284745298284854 ], [ 8.95309393673465, 45.285716587389949 ], [ 8.952074722028282, 45.286123506200973 ], [ 8.952051556473231, 45.286143034178096 ], [ 8.95193025787492, 45.286290701882407 ], [ 8.951867242030806, 45.2863226179742 ], [ 8.951786874796367, 45.286306671272129 ], [ 8.951793441203911, 45.286236673181094 ], [ 8.950148158299655, 45.286894552525801 ], [ 8.948268624496636, 45.288048908922725 ], [ 8.946589233655287, 45.289080278736954 ], [ 8.94617569125446, 45.289581243199947 ], [ 8.945325686267184, 45.290618918461199 ], [ 8.944611111895881, 45.291464715613039 ], [ 8.944534100367001, 45.29244904514789 ], [ 8.944579536186263, 45.292780668533702 ], [ 8.944723599373226, 45.293832119110007 ], [ 8.945142847946965, 45.295488583712576 ], [ 8.945281666875045, 45.29619975564907 ], [ 8.945472835301592, 45.297181004141279 ], [ 8.945651096639184, 45.29858416579534 ], [ 8.945632178056828, 45.299617270734878 ], [ 8.94562451116955, 45.299930993813476 ], [ 8.944883956745713, 45.300664260777914 ], [ 8.944003433454398, 45.301131912427486 ], [ 8.942816175155743, 45.302193483542204 ], [ 8.942698615781248, 45.302549830677734 ], [ 8.942496309331917, 45.303174461882563 ], [ 8.942494294194335, 45.303350894632274 ], [ 8.942487949123516, 45.304245864733033 ], [ 8.942486655207457, 45.304411615797406 ], [ 8.94248310431756, 45.304866715363275 ], [ 8.942633527368949, 45.305424483585924 ], [ 8.942673952627162, 45.305574379718415 ], [ 8.942724321198794, 45.305761140828977 ], [ 8.942864288438642, 45.306280120702127 ], [ 8.942918690310348, 45.30641999790997 ], [ 8.943097086721394, 45.306878722085244 ], [ 8.943347722874128, 45.307513518470465 ], [ 8.94369055548332, 45.309124927599612 ], [ 8.943956708116858, 45.310889323842055 ], [ 8.94398209081108, 45.311894302320113 ], [ 8.943986541927881, 45.312070338333157 ], [ 8.943993371365844, 45.31234060340568 ], [ 8.943877464987997, 45.313616713694351 ], [ 8.943193168503331, 45.315037966681373 ], [ 8.943175546208892, 45.315083591557084 ], [ 8.941988083972833, 45.316019131385701 ], [ 8.940671780419345, 45.316639965931863 ], [ 8.940641657133932, 45.31665417343406 ], [ 8.940520184787147, 45.316711469126979 ], [ 8.938758820136458, 45.317376641974583 ], [ 8.936845483651611, 45.318077707548476 ], [ 8.93568393388594, 45.318527126052039 ], [ 8.933594257747821, 45.319435309725563 ], [ 8.933450040969888, 45.319498011602626 ], [ 8.933272592516895, 45.319592665135659 ], [ 8.93302873041911, 45.319722789175493 ], [ 8.932275790416517, 45.319848365104292 ], [ 8.931345884900036, 45.319937807948236 ], [ 8.929674574263984, 45.319837778201524 ], [ 8.928564982751562, 45.319477041776956 ], [ 8.927468737181616, 45.318684228450145 ], [ 8.926931668368184, 45.3180839520804 ], [ 8.926810985389853, 45.317949063188813 ], [ 8.926525959258088, 45.317630474616955 ], [ 8.925480662045475, 45.316945701721849 ], [ 8.925393401348584, 45.31691707063176 ], [ 8.924600729862826, 45.316657080414302 ], [ 8.923503233689702, 45.316872387564302 ], [ 8.922749713759663, 45.317438953095348 ], [ 8.922158523041718, 45.317965141340899 ], [ 8.921842749744524, 45.318248471444761 ], [ 8.921469767078287, 45.318590669353874 ], [ 8.920999620988317, 45.319022003856318 ], [ 8.92085915320887, 45.319183320114298 ], [ 8.920271204742219, 45.319858627218458 ], [ 8.919569698843146, 45.320524234190501 ], [ 8.919262720264983, 45.320780558068719 ], [ 8.91868813574294, 45.32106819318129 ], [ 8.917833108549484, 45.3214636338068 ], [ 8.916862895942677, 45.321795992299634 ], [ 8.915433683892049, 45.322173003499387 ], [ 8.91468623650011, 45.322402651689011 ], [ 8.914323109810251, 45.322514217981919 ], [ 8.9134043659977, 45.322810583567524 ], [ 8.912280915061391, 45.323196782671289 ], [ 8.911815661183585, 45.323394054988057 ], [ 8.911221548089895, 45.323646023230935 ], [ 8.91032758585188, 45.324131394065688 ], [ 8.909587293226007, 45.324517866759663 ], [ 8.908642752786298, 45.325064097745852 ], [ 8.908578317401192, 45.325102145568337 ], [ 8.907199227210937, 45.325956166637127 ], [ 8.90626701276882, 45.326378464534955 ], [ 8.906222054031128, 45.326444676212198 ], [ 8.906028225116213, 45.326730130754051 ], [ 8.905999328502611, 45.326772673743875 ], [ 8.906278953029423, 45.327116570151318 ], [ 8.906903154637197, 45.327756177062518 ], [ 8.906961252313616, 45.327799793918807 ], [ 8.907527278498591, 45.328224757284666 ], [ 8.908304786678711, 45.328783458764988 ], [ 8.908954894959805, 45.329216051735251 ], [ 8.909656009623511, 45.32969368205422 ], [ 8.910242228257218, 45.330198204007772 ], [ 8.910764748794817, 45.330630688033914 ], [ 8.911044873712722, 45.331044968404768 ], [ 8.91119677209651, 45.331430612189813 ], [ 8.911171397159814, 45.331729161773445 ], [ 8.910928720836408, 45.332116027662018 ], [ 8.910430317239939, 45.332556708361409 ], [ 8.90975343784136, 45.332871224570752 ], [ 8.908936590741082, 45.333185626145152 ], [ 8.904773106355849, 45.333582780510433 ], [ 8.903425483371215, 45.334067735353834 ], [ 8.90066834883242, 45.335055500298878 ], [ 8.899722355523327, 45.335945807409921 ], [ 8.898993945336567, 45.336476252394448 ], [ 8.898431774310222, 45.33680879466263 ], [ 8.897000676620724, 45.3377346503244 ], [ 8.895506858193595, 45.338030351126967 ], [ 8.893986090078847, 45.337987429908516 ], [ 8.893528677796491, 45.337974509606809 ], [ 8.891662912917361, 45.338095876204711 ], [ 8.891506576446536, 45.338110744834559 ], [ 8.891363681958486, 45.338124341537515 ], [ 8.889788299768771, 45.33840303301772 ], [ 8.888115049001879, 45.339049514478184 ], [ 8.887041891469275, 45.339895599720059 ], [ 8.886964553723226, 45.339957508576404 ], [ 8.885827484612866, 45.340514451130929 ], [ 8.884736915921081, 45.340571401253577 ], [ 8.884653101891459, 45.340576281808524 ], [ 8.882687513913179, 45.340574279901006 ], [ 8.880504495928985, 45.340770060039851 ], [ 8.879411594604605, 45.341020326483353 ], [ 8.87936316297445, 45.341031398355312 ], [ 8.87929141569934, 45.341047839200115 ], [ 8.879235957497107, 45.341075135794043 ], [ 8.879182008130975, 45.341101737249538 ], [ 8.879123002339202, 45.341130425250789 ], [ 8.878128634899912, 45.341613651313423 ], [ 8.87632751126632, 45.342259805218085 ], [ 8.876257174976365, 45.342266088517754 ], [ 8.876139618573148, 45.342275541273665 ], [ 8.874425351276463, 45.342428793018108 ], [ 8.872796657974128, 45.342320123644541 ], [ 8.872230226432446, 45.342282310295339 ], [ 8.871673090700686, 45.342316714596173 ], [ 8.871282530718329, 45.342341253073457 ], [ 8.870954585361565, 45.342361080338812 ], [ 8.870215451857131, 45.342406085126512 ], [ 8.86871953698221, 45.342539365733195 ], [ 8.867522244684606, 45.342620309991254 ], [ 8.86716218646036, 45.342644097432924 ], [ 8.867008870671246, 45.342654408336564 ], [ 8.866076004656135, 45.343121393945147 ], [ 8.865888974780436, 45.344154350584915 ], [ 8.865869065398142, 45.34426430429783 ], [ 8.865864062810312, 45.344320043083989 ], [ 8.865803295539683, 45.345101364549222 ], [ 8.865794938971581, 45.345595453120076 ], [ 8.865773737584982, 45.3468475749806 ], [ 8.865438611089992, 45.348161370946407 ], [ 8.865033833184905, 45.348946093262022 ], [ 8.864960182540925, 45.349092949154667 ], [ 8.864694803260042, 45.349609707343085 ], [ 8.864673535883821, 45.349657758485883 ], [ 8.864565966426539, 45.349900210808272 ], [ 8.864015614853974, 45.351154636286921 ], [ 8.864303985518561, 45.352885736594047 ], [ 8.864653552455636, 45.353206145504132 ], [ 8.864699335508494, 45.353248117317904 ], [ 8.865134487035471, 45.35364694248306 ], [ 8.865425015210533, 45.353913223353572 ], [ 8.865529279301901, 45.353995388211196 ], [ 8.866431727244917, 45.354706542391895 ], [ 8.866746995698625, 45.354956315970412 ], [ 8.867781627905053, 45.356148294437773 ], [ 8.867931061520801, 45.357383423670775 ], [ 8.86731623017101, 45.358623104011045 ], [ 8.866152453111532, 45.359431855897292 ], [ 8.864878923610506, 45.359888689379765 ], [ 8.864141461594539, 45.360153170110372 ], [ 8.863801121459002, 45.360275197648441 ], [ 8.862491452250069, 45.360554748938391 ], [ 8.862442533075859, 45.360558022336939 ], [ 8.862404322406626, 45.360566119840172 ], [ 8.861726612071793, 45.36070905668975 ], [ 8.861636445305377, 45.360737289170487 ], [ 8.861578416513415, 45.360749681239085 ], [ 8.861070378620802, 45.36097764486648 ], [ 8.859737765565063, 45.361575531679044 ], [ 8.858288491703316, 45.362463650880358 ], [ 8.857934642946704, 45.362680460784773 ], [ 8.856208102833264, 45.363908085759981 ], [ 8.856130955711, 45.363965318220394 ], [ 8.854327834535528, 45.365016184532216 ], [ 8.853541519939798, 45.365378720090568 ], [ 8.852729870436173, 45.365752312612472 ], [ 8.851672646125264, 45.366171105919285 ], [ 8.851438816564597, 45.366263713039572 ], [ 8.850717810933467, 45.366706774346873 ], [ 8.850517935472531, 45.366829597359718 ], [ 8.84991376748941, 45.367661371989477 ], [ 8.849838624371568, 45.367764792299319 ], [ 8.84965654308469, 45.36820484636776 ], [ 8.849349989075954, 45.368945175657032 ], [ 8.849157475891495, 45.369411163250128 ], [ 8.848617720526992, 45.370697627524514 ], [ 8.848313826632863, 45.371277331929427 ], [ 8.847924552968795, 45.37201988746024 ], [ 8.8475488026858, 45.373256247764409 ], [ 8.847539082328275, 45.37328487254269 ], [ 8.847610797634115, 45.374263785204441 ], [ 8.847622301841669, 45.374420313963796 ], [ 8.847626489536147, 45.374477393413535 ], [ 8.847679336419398, 45.375209915960774 ], [ 8.847681570627094, 45.375241140065569 ], [ 8.847684773967222, 45.375288149300665 ], [ 8.847425934413016, 45.376951836004395 ], [ 8.846951693793555, 45.378278049754897 ], [ 8.847112880624291, 45.379372763175567 ], [ 8.847747581369024, 45.380831823049924 ], [ 8.8478730428376, 45.38157597665441 ], [ 8.847877336106748, 45.381609213458297 ], [ 8.847960482572629, 45.38209593118745 ], [ 8.847859826275712, 45.382483826164588 ], [ 8.847844683933372, 45.382540878876554 ], [ 8.847703329814109, 45.383073154665027 ], [ 8.847421653205135, 45.383536592501429 ], [ 8.847338541692581, 45.383673321321361 ], [ 8.847074648628809, 45.384107452120958 ], [ 8.84693441160262, 45.38442707035005 ], [ 8.846267893757782, 45.386006947938277 ], [ 8.846796515550198, 45.387734496586376 ], [ 8.847597645050358, 45.389094766526846 ], [ 8.847644695120019, 45.390337814875927 ], [ 8.846735521464147, 45.391397931175291 ], [ 8.84531499634944, 45.392314129805456 ], [ 8.843689977898277, 45.393239045770208 ], [ 8.842896694817354, 45.393837950190381 ], [ 8.842783275477439, 45.393966166232651 ], [ 8.842688571571768, 45.394073403394323 ], [ 8.842621410429771, 45.394149418700707 ], [ 8.842595471951119, 45.394178798319139 ], [ 8.842563871577601, 45.394214487242536 ], [ 8.842382067645797, 45.394421910982956 ], [ 8.842019665461338, 45.394835456752233 ], [ 8.841704323652246, 45.395194078516866 ], [ 8.841126703447468, 45.396156415790507 ], [ 8.840663780696422, 45.397217911722805 ], [ 8.840751320721683, 45.397893124871942 ], [ 8.841477767402829, 45.398542219766334 ], [ 8.841512519029129, 45.398561848511164 ], [ 8.841603717133967, 45.398613529041 ], [ 8.841974531439311, 45.398823539731282 ], [ 8.842151347465894, 45.398923623893189 ], [ 8.842192405071344, 45.398946878764974 ], [ 8.842170232045667, 45.398975807998788 ], [ 8.841842263419233, 45.399404113966774 ], [ 8.840730242245655, 45.400854509958783 ], [ 8.840125154975702, 45.401633870560083 ], [ 8.839930250212609, 45.401884898350339 ], [ 8.839550443636872, 45.402374071702724 ], [ 8.839333540495621, 45.402626108088128 ], [ 8.838992659168081, 45.403024820901067 ], [ 8.838813724431954, 45.403234105953416 ], [ 8.8384481968921, 45.403663476711138 ], [ 8.838272591225044, 45.403868967057193 ], [ 8.838200543830142, 45.403953135083533 ], [ 8.838145127065648, 45.404017972060586 ], [ 8.838089560229783, 45.40408251625545 ], [ 8.837072730146211, 45.404899349505577 ], [ 8.836705094711844, 45.4051947022067 ], [ 8.836645627170885, 45.405242138565839 ], [ 8.836500808304168, 45.405358183873012 ], [ 8.83631894307744, 45.405472043508503 ], [ 8.835921587713543, 45.405720140224673 ], [ 8.834600327112152, 45.406550328691942 ], [ 8.834452963190429, 45.406642642106888 ], [ 8.833849851316556, 45.407061992232286 ], [ 8.833095658691033, 45.407585793496054 ], [ 8.831942518446269, 45.408619245581242 ], [ 8.830942510407873, 45.409706916660262 ], [ 8.830454203728252, 45.41060632163228 ], [ 8.830310380069854, 45.411722526517998 ], [ 8.830344321126606, 45.413162495557408 ], [ 8.830046858169958, 45.414332208900753 ], [ 8.829110580128491, 45.415437967401751 ], [ 8.828673479325307, 45.415835122838153 ], [ 8.82823941809421, 45.416228888566906 ], [ 8.827585554535538, 45.416857869833116 ], [ 8.827545788702043, 45.416894594382896 ], [ 8.827393311417662, 45.417024534104279 ], [ 8.827334096356331, 45.417075165849866 ], [ 8.826803283238872, 45.417529036921167 ], [ 8.826240972632466, 45.418017086694107 ], [ 8.824534900929528, 45.419497797986367 ], [ 8.824278265713707, 45.420241307453466 ], [ 8.8242511659223, 45.420317966417251 ], [ 8.824249246324745, 45.420939165747981 ], [ 8.824249122598664, 45.420981516492198 ], [ 8.824248248962947, 45.421263100698098 ], [ 8.824269668604163, 45.421668618837487 ], [ 8.824296411489108, 45.422174940336134 ], [ 8.824308625393961, 45.422406351793903 ], [ 8.824347440448687, 45.422681459355182 ], [ 8.824395638921432, 45.423022262596469 ], [ 8.824403727142068, 45.423080947930885 ], [ 8.824496641478994, 45.423739047544707 ], [ 8.824390706200177, 45.424927048720022 ], [ 8.823889805771159, 45.425691370662804 ], [ 8.823443713671344, 45.425951602252077 ], [ 8.8229909636496, 45.426215188238729 ], [ 8.822909691127178, 45.426262815712718 ], [ 8.822826876933613, 45.426310819689967 ], [ 8.822336829787178, 45.426554601862868 ], [ 8.821919854234505, 45.426761905777525 ], [ 8.821833544254668, 45.42680481157204 ], [ 8.821785520858617, 45.42682866738437 ], [ 8.821725446025683, 45.426858433492697 ], [ 8.821637565029999, 45.426916252661037 ], [ 8.820752490047649, 45.427495742244872 ], [ 8.820239215867954, 45.42812523470122 ], [ 8.820378297663629, 45.428404017874037 ], [ 8.821540062818046, 45.428882904180988 ], [ 8.822867819065353, 45.429434039841958 ], [ 8.824374207967846, 45.430111462168369 ], [ 8.825267053964364, 45.430760922104398 ], [ 8.825839930030705, 45.431544890041586 ], [ 8.826237913153248, 45.432383942225158 ], [ 8.826335726177385, 45.432590032219764 ], [ 8.825832956545868, 45.433948435336681 ], [ 8.825348271985332, 45.434401879866421 ], [ 8.825292719303647, 45.434453631253348 ], [ 8.82494826956316, 45.434775194360512 ], [ 8.824659313870921, 45.434932623904011 ], [ 8.824321143251259, 45.435116401067283 ], [ 8.823143888710691, 45.435321482354688 ], [ 8.822263054606042, 45.435345481545987 ], [ 8.821880921595769, 45.435355956923516 ], [ 8.821676760456423, 45.435361631403879 ], [ 8.821277344052433, 45.435372605251416 ], [ 8.819462114877878, 45.435198557871438 ], [ 8.819247288160282, 45.435130736738941 ], [ 8.818402325617514, 45.434863974286174 ], [ 8.818006246454958, 45.434717822666094 ], [ 8.816537224093491, 45.434338899471093 ], [ 8.816485770137193, 45.434325103427277 ], [ 8.81632121128257, 45.434281334134035 ], [ 8.816168130053393, 45.434240583189229 ], [ 8.816080186230691, 45.43421721391946 ], [ 8.815661296824358, 45.434106766748172 ], [ 8.815030088259892, 45.433940407058152 ], [ 8.814977733090952, 45.433917409606437 ], [ 8.814304121926956, 45.433621564561207 ], [ 8.814218906916487, 45.433584134752373 ], [ 8.813548674042572, 45.433289739028787 ], [ 8.813411665211502, 45.433244711623416 ], [ 8.812594209810957, 45.432893572497917 ], [ 8.812541214355335, 45.432880368026751 ], [ 8.812125046668354, 45.432781945188466 ], [ 8.811871122176845, 45.432721911125846 ], [ 8.811250443627932, 45.432575185862206 ], [ 8.811036792833583, 45.432570062859675 ], [ 8.810496366523335, 45.432557241804112 ], [ 8.810450609111481, 45.432556269357931 ], [ 8.810022551826078, 45.432546160923842 ], [ 8.809975575216342, 45.432551920089566 ], [ 8.809248626235926, 45.432696755394673 ], [ 8.809063586277723, 45.432733502552011 ], [ 8.808729185583854, 45.432942969079882 ], [ 8.808497307820895, 45.433087967730259 ], [ 8.80826773103186, 45.433231180321677 ], [ 8.808101661212463, 45.433334650659887 ], [ 8.808083482359324, 45.433380406734827 ], [ 8.80799435727493, 45.433600826981042 ], [ 8.807959365731842, 45.433683335644162 ], [ 8.807745414519042, 45.434201942284197 ], [ 8.807661611413726, 45.434404762070365 ], [ 8.807638706850343, 45.434459466342361 ], [ 8.807701229464978, 45.434672697574953 ], [ 8.80798292203454, 45.43564504423361 ], [ 8.808018057414692, 45.435765172607759 ], [ 8.808085243942143, 45.435843878019497 ], [ 8.808107123006071, 45.435869976961513 ], [ 8.80883234705659, 45.436720371516138 ], [ 8.810019142486045, 45.437379414795004 ], [ 8.810680013682079, 45.437627357425704 ], [ 8.81071963889779, 45.437642243628105 ], [ 8.810904105946987, 45.437711455409264 ], [ 8.811513193387732, 45.437939987217007 ], [ 8.811982864139447, 45.438966892915438 ], [ 8.811903555268499, 45.439666636966564 ], [ 8.811862548393446, 45.440028495451649 ], [ 8.811855821662038, 45.440123117916073 ], [ 8.81184246979622, 45.440244461321143 ], [ 8.811824781307713, 45.440361801931715 ], [ 8.811534967358542, 45.440896506675593 ], [ 8.811039998045221, 45.44180969804998 ], [ 8.810588626236893, 45.443311591045962 ], [ 8.810570849801246, 45.443347922920175 ], [ 8.810548764261204, 45.443420135532335 ], [ 8.810543521938639, 45.444986329129414 ], [ 8.810485582596998, 45.44510670808949 ], [ 8.810202695161683, 45.445695684369824 ], [ 8.810137999874376, 45.445829452932315 ], [ 8.810067368305933, 45.445977328200755 ], [ 8.809208582441739, 45.446694342983328 ], [ 8.808682124665452, 45.447134486224975 ], [ 8.807823427651384, 45.447700121598075 ], [ 8.806683231779052, 45.448310274188458 ], [ 8.805644754384424, 45.44908260675949 ], [ 8.805184786979741, 45.449706523829995 ], [ 8.805031558755573, 45.44991506719817 ], [ 8.805003235546502, 45.449952783451195 ], [ 8.804921194542192, 45.450065101855436 ], [ 8.804840114015244, 45.450175081523604 ], [ 8.804794839615948, 45.450236482461705 ], [ 8.804771643164282, 45.450267101857129 ], [ 8.804710167951962, 45.450338947083722 ], [ 8.804687360973745, 45.450365631796174 ], [ 8.804663125314505, 45.4503938523684 ], [ 8.804503002468635, 45.450580292431034 ], [ 8.804423575359539, 45.450672102071529 ], [ 8.804353072860195, 45.450754003102922 ], [ 8.804287549033011, 45.450830276059691 ], [ 8.804194801951475, 45.450937222559034 ], [ 8.804023774937438, 45.451135490637505 ], [ 8.803538407397649, 45.451698322749834 ], [ 8.803477281497551, 45.451762219824907 ], [ 8.802204144016983, 45.453082428163839 ], [ 8.800997443676817, 45.454367500742137 ], [ 8.800303685344494, 45.455257396077251 ], [ 8.799969016837379, 45.455822377932769 ], [ 8.799862305081094, 45.455945903591356 ], [ 8.799405121336569, 45.456474176314643 ], [ 8.799287829697775, 45.456609650844946 ], [ 8.799197638522241, 45.456714001722681 ], [ 8.799164088640417, 45.456755624619319 ], [ 8.799119151601058, 45.45681136207272 ], [ 8.799013156350975, 45.456941323137954 ], [ 8.798619911266963, 45.457423483029899 ], [ 8.797429623277951, 45.457664405469892 ], [ 8.795561284167308, 45.457940107873448 ], [ 8.795085105543611, 45.458102180009767 ], [ 8.794127079026762, 45.45843267644679 ], [ 8.793374546380056, 45.459200669279888 ], [ 8.792928913833181, 45.459797420510903 ], [ 8.792533166954341, 45.46032380727101 ], [ 8.792510004211074, 45.460355545733343 ], [ 8.792451023014545, 45.460391957346104 ], [ 8.792265755582372, 45.460506883622948 ], [ 8.791610999913557, 45.460913507413871 ], [ 8.791526357432613, 45.460965982972816 ], [ 8.791490416470259, 45.460988162933546 ], [ 8.791360222611861, 45.461068448123335 ], [ 8.791252411144905, 45.461136963597191 ], [ 8.789830470141435, 45.46171943222587 ], [ 8.789733410454248, 45.461772420973006 ], [ 8.789508074383241, 45.461894770582873 ], [ 8.789466255737166, 45.461917658267538 ], [ 8.78934874964996, 45.461982096326437 ], [ 8.788375016589034, 45.462508690101529 ], [ 8.788328466065163, 45.462624757980656 ], [ 8.788286596668295, 45.462728941235092 ], [ 8.788237608859502, 45.462850865233676 ], [ 8.788111084727809, 45.463165433002025 ], [ 8.788117160611089, 45.463603546812109 ], [ 8.788120359413654, 45.463829353998008 ], [ 8.788124690705548, 45.464155787616392 ], [ 8.788169615347973, 45.464222579679607 ], [ 8.78819036861459, 45.464253962118761 ], [ 8.788374271151264, 45.464527795223731 ], [ 8.788585062804769, 45.464841564772811 ], [ 8.788832553147321, 45.465210028196722 ], [ 8.789028722056498, 45.465366807082582 ], [ 8.789257992970015, 45.465550204717317 ], [ 8.789307437230194, 45.465589775151926 ], [ 8.789545472541185, 45.465779677326353 ], [ 8.789875310896377, 45.466043703489724 ], [ 8.789936434914715, 45.466092633868122 ], [ 8.790058652648026, 45.46619047286692 ], [ 8.790197360123805, 45.466301670083176 ], [ 8.79031556198337, 45.466418501138683 ], [ 8.790409766295371, 45.466511858843852 ], [ 8.790636799456461, 45.466736528121537 ], [ 8.791214541741379, 45.467309242977606 ], [ 8.791280229525935, 45.467374599134764 ], [ 8.791366510430398, 45.468120343128597 ], [ 8.791441364377537, 45.468770064848329 ], [ 8.791380125235813, 45.469114979270579 ], [ 8.791360348646283, 45.469226721669891 ], [ 8.791319405653027, 45.469456869290084 ], [ 8.791314428481741, 45.469483772839958 ], [ 8.791248295358228, 45.469845090066684 ], [ 8.791204391281346, 45.470099114150408 ], [ 8.791184107413331, 45.470206693425332 ], [ 8.791162059690233, 45.47032248485008 ], [ 8.791156376123887, 45.470352178364521 ], [ 8.79107098352938, 45.470706919060127 ], [ 8.791030789700519, 45.470874623083141 ], [ 8.79100659592986, 45.470974853794608 ], [ 8.790904274388055, 45.4714286384609 ], [ 8.790894810473127, 45.471469666525493 ], [ 8.790857494354935, 45.472197295998519 ], [ 8.790811884070328, 45.473089634458923 ], [ 8.790873047477113, 45.475005357277453 ], [ 8.790880121812112, 45.475231793909906 ], [ 8.790905384947493, 45.476198754477998 ], [ 8.790924962150362, 45.476951092204388 ], [ 8.790886761312018, 45.477521938753156 ], [ 8.790849690722508, 45.478064775656421 ], [ 8.79081771911471, 45.478541998800125 ], [ 8.790807884441321, 45.478684261390811 ], [ 8.790803747873563, 45.47874234556798 ], [ 8.790580798669417, 45.48020909159947 ], [ 8.79023452113268, 45.481262950157607 ], [ 8.790037251433738, 45.481864285956966 ], [ 8.789546872798313, 45.482818365698535 ], [ 8.78935415313558, 45.483195197028607 ], [ 8.788992767803025, 45.484076712373032 ], [ 8.788960072865253, 45.484121849506934 ], [ 8.788660391466765, 45.484551091003496 ], [ 8.788258721671708, 45.485128191959951 ], [ 8.788242828832425, 45.48515204347698 ], [ 8.788218356002099, 45.485187513084028 ], [ 8.78748750259123, 45.486232672817351 ], [ 8.787362952158599, 45.486310891530977 ], [ 8.786781956942111, 45.486674141205647 ], [ 8.786211060683605, 45.486796648347671 ], [ 8.786123397003969, 45.48681552619329 ], [ 8.786058138058991, 45.486829595212214 ], [ 8.785910515995946, 45.486861102620011 ], [ 8.784643893968145, 45.486795713579369 ], [ 8.78369881875946, 45.486524381050152 ], [ 8.7835630739983, 45.486443957813051 ], [ 8.783439741595963, 45.486372078442365 ], [ 8.782919847803893, 45.486069669829313 ], [ 8.782626429302132, 45.485898980938551 ], [ 8.781976315082936, 45.485468118411106 ], [ 8.781870868660704, 45.485398189617868 ], [ 8.781419227551043, 45.485098708297009 ], [ 8.781349059715355, 45.485052180226674 ], [ 8.780832496701397, 45.484921132514657 ], [ 8.780476207664288, 45.484830689685069 ], [ 8.77959827790459, 45.484608042220401 ], [ 8.779383966952732, 45.484592924215434 ], [ 8.778879464739274, 45.484557558895233 ], [ 8.778271334166524, 45.484514751507781 ], [ 8.778032988943734, 45.484497974905032 ], [ 8.777461885084351, 45.484457851788726 ], [ 8.777359583659813, 45.484450642337279 ], [ 8.777310771389335, 45.484448679447262 ], [ 8.775597305595527, 45.484379164959329 ], [ 8.775261429568484, 45.484365556466443 ], [ 8.774532593127693, 45.484505126992815 ], [ 8.773494261311592, 45.484703995811678 ], [ 8.771945621407006, 45.485484545620501 ], [ 8.771797427294599, 45.485559040295676 ], [ 8.771750153748737, 45.485582724207866 ], [ 8.771202656897509, 45.485912381900548 ], [ 8.771110514525493, 45.485968255623327 ], [ 8.770171918633222, 45.486533420616631 ], [ 8.768746213298623, 45.487826699932036 ], [ 8.767583650666637, 45.489086179069062 ], [ 8.766946624957349, 45.48977627867729 ], [ 8.765174959839209, 45.491131814390513 ], [ 8.763491250295122, 45.492856548838489 ], [ 8.762640642375629, 45.494267952003838 ], [ 8.761786347898726, 45.495492087303646 ], [ 8.761662126614635, 45.495670136346277 ], [ 8.761594090680777, 45.495731212949138 ], [ 8.761336079446403, 45.495963034187838 ], [ 8.761077284674901, 45.496195320354936 ], [ 8.760352145134892, 45.496846890043969 ], [ 8.760257542554175, 45.496868330279 ], [ 8.759262693297343, 45.497096272062691 ], [ 8.758867552222362, 45.497215893701942 ], [ 8.7585711377391, 45.49730560575837 ], [ 8.758529349929411, 45.497318491675635 ], [ 8.758199012903161, 45.49741806291 ], [ 8.757403866581317, 45.497794423993966 ], [ 8.757082734725394, 45.498062267153905 ], [ 8.756974688450956, 45.498093502620627 ], [ 8.756477444700415, 45.498237716644375 ], [ 8.756211714042488, 45.498314034869068 ], [ 8.756026588719074, 45.498327012619875 ], [ 8.755736912653328, 45.498346938660951 ], [ 8.754956497903953, 45.498401183178075 ], [ 8.75315153581859, 45.498460304931022 ], [ 8.751551212526826, 45.498555846190108 ], [ 8.751012191813629, 45.49860879910559 ], [ 8.750565230057905, 45.498652707266146 ], [ 8.750375650613478, 45.498624280694202 ], [ 8.749537636547561, 45.498497664431383 ], [ 8.749232019387943, 45.498450728064796 ], [ 8.749150375687041, 45.498422580463213 ], [ 8.74885845009328, 45.498321653722854 ], [ 8.748536966467018, 45.498210456577773 ], [ 8.748187076400294, 45.498089431472188 ], [ 8.746664769104395, 45.497915042929407 ], [ 8.745916223845718, 45.497845875425227 ], [ 8.745666849101392, 45.497822820312905 ], [ 8.744520102649492, 45.4978343400062 ], [ 8.744194867828369, 45.49783752313737 ], [ 8.742838360554041, 45.49779847637312 ], [ 8.742547569037544, 45.49776699874846 ], [ 8.742222833257037, 45.497731840631303 ], [ 8.741904476457854, 45.497697360287994 ], [ 8.740713640320511, 45.49781168458707 ], [ 8.739342778899228, 45.49810559422184 ], [ 8.738534766614801, 45.498463785082322 ], [ 8.737405005513754, 45.499199281540569 ], [ 8.737278742763333, 45.499282241843183 ], [ 8.737117140790689, 45.499388421929027 ], [ 8.736616855113395, 45.499717133302369 ], [ 8.73632656099258, 45.499907887184953 ], [ 8.735581984884055, 45.50037421799891 ], [ 8.734947463422733, 45.500746298213237 ], [ 8.731952677479523, 45.501850938529181 ], [ 8.731042342160677, 45.502172842276465 ], [ 8.730287219761372, 45.502153051457675 ], [ 8.729882579952807, 45.50213432259288 ], [ 8.729831071568908, 45.502132000903444 ], [ 8.729760721795575, 45.502128775010121 ], [ 8.729679966847561, 45.502124995183912 ], [ 8.729058684235456, 45.502096142709981 ], [ 8.727892429796954, 45.502399405475543 ], [ 8.726972697559971, 45.502990670882717 ], [ 8.72689670484105, 45.503039522892927 ], [ 8.726762497752533, 45.503125798244412 ], [ 8.725555943836623, 45.503806979225757 ], [ 8.724490129602088, 45.504497497048952 ], [ 8.723513289107553, 45.505314229741245 ], [ 8.722844172972351, 45.506023704576421 ], [ 8.722727079937421, 45.506410463498327 ], [ 8.722930202743727, 45.506752992883669 ], [ 8.722928707028803, 45.506799025518013 ], [ 8.722926736181684, 45.506857363339677 ], [ 8.722916151327741, 45.507148448490994 ], [ 8.722836603588568, 45.507642548723751 ], [ 8.722284984433793, 45.507912768413171 ], [ 8.722049451325555, 45.508092414266059 ], [ 8.72200272125299, 45.508128165531751 ], [ 8.7214729946104, 45.508416501610547 ], [ 8.720502230631661, 45.508946158100954 ], [ 8.720419198281624, 45.508995090239921 ], [ 8.720384781712594, 45.509030066274576 ], [ 8.720331074551577, 45.509092615917631 ], [ 8.720195354243561, 45.509239591432284 ], [ 8.720165279671193, 45.50927226024573 ], [ 8.719985310287692, 45.509473179739793 ], [ 8.719853495306319, 45.510237940198166 ], [ 8.719837498953217, 45.510396678942513 ], [ 8.719806159599068, 45.510705497135724 ], [ 8.719731357569378, 45.51143503712251 ], [ 8.719735637615313, 45.511552610341909 ], [ 8.71973949943567, 45.511676552624529 ], [ 8.719764972006981, 45.512595994733672 ], [ 8.719632163273436, 45.513558778435844 ], [ 8.719295591148919, 45.514305051638487 ], [ 8.719149382364385, 45.514394184043567 ], [ 8.718448125641947, 45.514822108859548 ], [ 8.718383183051346, 45.514861701293185 ], [ 8.71771895465146, 45.515236030239606 ], [ 8.716920112376016, 45.515685316096082 ], [ 8.715815660380583, 45.516357651789683 ], [ 8.715006056531763, 45.516949711725772 ], [ 8.714957496542802, 45.517022486058288 ], [ 8.714537215580902, 45.517651743787717 ], [ 8.714387557050424, 45.517875686342329 ], [ 8.714370090827959, 45.517910477862955 ], [ 8.714288348159275, 45.518073322229831 ], [ 8.71426210524889, 45.518125480122556 ], [ 8.714212603418993, 45.518223559284863 ], [ 8.714173979209651, 45.518300215100396 ], [ 8.714010561068406, 45.518624229430422 ], [ 8.713573106267619, 45.51934967757564 ], [ 8.71319688981117, 45.519932137636395 ], [ 8.713069742140197, 45.520131482663807 ], [ 8.712565068030829, 45.521174342058337 ], [ 8.712291818558143, 45.522028749988223 ], [ 8.712312968886497, 45.522274806988264 ], [ 8.712424825677383, 45.523577305865508 ], [ 8.712485339994201, 45.523911103766039 ], [ 8.712500383699448, 45.523993514292592 ], [ 8.712527111919119, 45.524141089777331 ], [ 8.712540728735572, 45.524215806165159 ], [ 8.712561573622834, 45.524330853960947 ], [ 8.712815470110797, 45.524874530631813 ], [ 8.712955969854798, 45.525046858748048 ], [ 8.712983484815833, 45.525081603714334 ], [ 8.713014010805917, 45.525119031364767 ], [ 8.713368391743922, 45.525558203467142 ], [ 8.713413338795389, 45.525613988925194 ], [ 8.713507393104724, 45.525819014206462 ], [ 8.713704747039946, 45.526249229438569 ], [ 8.713767957989637, 45.526388929133695 ], [ 8.714045674466727, 45.527190732042641 ], [ 8.714413633622808, 45.527875711392198 ], [ 8.714923525241643, 45.528336015552853 ], [ 8.715272466328743, 45.528537888330014 ], [ 8.715331066704191, 45.528571792075027 ], [ 8.715402173365785, 45.528613376076791 ], [ 8.715855057813128, 45.528878198585957 ], [ 8.715890992523102, 45.528898732145237 ], [ 8.715925203319436, 45.528918291088431 ], [ 8.715970920848712, 45.528944410724684 ], [ 8.716953130831705, 45.529519968868037 ], [ 8.718025709528659, 45.530152699606745 ], [ 8.719404390490679, 45.531054893706774 ], [ 8.719222197201713, 45.531713141137878 ], [ 8.718962716775545, 45.53238758726355 ], [ 8.718840203357486, 45.5326296805354 ], [ 8.718574690268392, 45.533151714354645 ], [ 8.717738460151285, 45.533905735940813 ], [ 8.717692069757701, 45.533929685701537 ], [ 8.717660821500106, 45.533945961641308 ], [ 8.717214921067342, 45.534175762576403 ], [ 8.717184542099021, 45.534191540076925 ], [ 8.716948933873528, 45.534316812366988 ], [ 8.716880416985331, 45.534351655885871 ], [ 8.716505871531391, 45.534541639953311 ], [ 8.716451990961833, 45.534569268263894 ], [ 8.716371088891858, 45.534610413894548 ], [ 8.71615492237177, 45.534724327536431 ], [ 8.715892094777248, 45.534863072126093 ], [ 8.715582082777425, 45.535024886325118 ], [ 8.714778748538395, 45.535443162764658 ], [ 8.714721052915042, 45.535473165115384 ], [ 8.714672510538872, 45.535515149136636 ], [ 8.714533927824819, 45.53563567392488 ], [ 8.714397823831229, 45.535754482832971 ], [ 8.713735544162558, 45.536332595498685 ], [ 8.71348590667445, 45.536550315138356 ], [ 8.712890931548163, 45.537691954714553 ], [ 8.712617511532963, 45.538564359078762 ], [ 8.712452304557287, 45.538970128607531 ], [ 8.712280281929981, 45.539391536272589 ], [ 8.711673556579335, 45.540317109979405 ], [ 8.711259949325456, 45.541045151314925 ], [ 8.711002105860274, 45.541331017828732 ], [ 8.710312290269796, 45.542229497457512 ], [ 8.710020144026666, 45.542609418696514 ], [ 8.709454828904025, 45.543344825119554 ], [ 8.709202264157632, 45.543748634683446 ], [ 8.709106110667591, 45.543901989501428 ], [ 8.708521676253541, 45.545448683278885 ], [ 8.708280903837144, 45.546098394737093 ], [ 8.708072903321721, 45.546662032085649 ], [ 8.708053742792863, 45.546711559178277 ], [ 8.707755165541744, 45.547516941735516 ], [ 8.7076513351019, 45.54781623861269 ], [ 8.707547323929806, 45.548121517022707 ], [ 8.707221920602347, 45.549063759735752 ], [ 8.70697012776936, 45.549994382625528 ], [ 8.706745972956927, 45.550826523187133 ], [ 8.706712476578373, 45.550952659918174 ], [ 8.706426171317203, 45.55191241911664 ], [ 8.706337851751316, 45.55220904511372 ], [ 8.706271723393318, 45.55242945675171 ], [ 8.706164839540952, 45.552787511153454 ], [ 8.70615865760753, 45.552861567627147 ], [ 8.706124478864545, 45.553264646805893 ], [ 8.706096640434007, 45.553588540193815 ], [ 8.706103802255283, 45.553629836548232 ], [ 8.706142319656255, 45.553859729812864 ], [ 8.706152643116944, 45.553910939053367 ], [ 8.70617418507754, 45.554031906500597 ], [ 8.706196663407388, 45.554156369657754 ], [ 8.706213405304808, 45.554250701435521 ], [ 8.706301525121697, 45.554810742122648 ], [ 8.706318237188819, 45.554910624745581 ], [ 8.706323064107393, 45.554943229059859 ], [ 8.706327528504678, 45.554969918751432 ], [ 8.706357392514606, 45.555145546612607 ], [ 8.70636397553355, 45.55518119869307 ], [ 8.706412726546512, 45.5554522520071 ], [ 8.706431880711971, 45.555559330016898 ], [ 8.706473989079875, 45.555792990258084 ], [ 8.706482987623756, 45.55584336164965 ], [ 8.706506424003537, 45.555974550951603 ], [ 8.706519451082199, 45.556038165131099 ], [ 8.706527767368915, 45.556082027905838 ], [ 8.706569181708002, 45.556299019065634 ], [ 8.706712782688591, 45.557066728986932 ], [ 8.706751938156032, 45.557276847344532 ], [ 8.706771398481566, 45.557380482248412 ], [ 8.706843416026581, 45.557766884897561 ], [ 8.706878912375792, 45.558314502408017 ], [ 8.708782937518057, 45.559252271953937 ], [ 8.71054612946304, 45.560228851481085 ], [ 8.712386547610166, 45.561151604437583 ], [ 8.71291685569533, 45.561433918466989 ], [ 8.713830548273487, 45.561920315742178 ], [ 8.714341511065502, 45.56223663188733 ], [ 8.714544646869495, 45.562606170564898 ], [ 8.7147083177334, 45.563182641375732 ], [ 8.715272614766498, 45.563085039643376 ], [ 8.715629664090249, 45.563443045182552 ], [ 8.715731592320781, 45.563545244617984 ], [ 8.716138735675472, 45.564122318890924 ], [ 8.7162905268152, 45.564518731650246 ], [ 8.71634041952171, 45.564788876709812 ], [ 8.716384937534691, 45.564786182521793 ], [ 8.716720246613194, 45.564765634350067 ], [ 8.717045496893196, 45.564745702053258 ], [ 8.71793830616472, 45.565584996308303 ], [ 8.718472377375019, 45.566414405200781 ], [ 8.718700341248983, 45.566955026904488 ], [ 8.718865388493812, 45.567261455673261 ], [ 8.718870675645908, 45.567397416658075 ], [ 8.718880779698093, 45.567649302066066 ], [ 8.718899432145918, 45.568134604305406 ], [ 8.718932269659536, 45.569259802019566 ], [ 8.718786634258752, 45.570195538742304 ], [ 8.71876350120273, 45.570310744438203 ], [ 8.718602548633751, 45.571113116261095 ], [ 8.718352537367959, 45.572417642329356 ], [ 8.718221222900777, 45.573047372978621 ], [ 8.718580055326624, 45.573094975526722 ], [ 8.719604494950374, 45.573230841167842 ], [ 8.721102285706955, 45.573576550124031 ], [ 8.721933773694779, 45.573893594830828 ], [ 8.722805743532591, 45.57380571998479 ], [ 8.722936806027358, 45.573211966927317 ], [ 8.723123220579037, 45.571790275284435 ], [ 8.723301000230851, 45.570708477713495 ], [ 8.723334690893148, 45.570503709465918 ], [ 8.723481885738019, 45.569234941750764 ], [ 8.723667699223229, 45.567930248465885 ], [ 8.723813732767789, 45.56689549747103 ], [ 8.724317467700002, 45.566086614121765 ], [ 8.725039211863312, 45.565242269950815 ], [ 8.72585100200835, 45.564317121607594 ], [ 8.72650746174263, 45.563715627504422 ], [ 8.727356991389007, 45.562999781388726 ], [ 8.727498079706873, 45.562880833579079 ], [ 8.728732963504209, 45.561893664684334 ], [ 8.729594624769184, 45.561238628040101 ], [ 8.73021105836767, 45.560952054026679 ], [ 8.730777112447875, 45.560858303373841 ], [ 8.73203208815066, 45.560650391238454 ], [ 8.734172832757947, 45.560457374427472 ], [ 8.735864930605642, 45.560299284280021 ], [ 8.737765812464335, 45.559979810691424 ], [ 8.738004989194488, 45.559939672974131 ], [ 8.738083485933522, 45.559926470227012 ], [ 8.738620261900317, 45.560224726870871 ], [ 8.739171341592893, 45.560189940884577 ], [ 8.739310551635278, 45.56056831770946 ], [ 8.739341854294894, 45.56060890642712 ], [ 8.739769109196756, 45.561163417541223 ], [ 8.740175650841243, 45.56192043208528 ], [ 8.740390600358234, 45.562541979857606 ], [ 8.740617020782635, 45.563460599130863 ], [ 8.7406785373171, 45.564018790453304 ], [ 8.742010941586729, 45.564075818934057 ], [ 8.742180620667385, 45.563401131477086 ], [ 8.745087256394742, 45.563875712014749 ], [ 8.745397089916558, 45.563363347491268 ], [ 8.747073084453691, 45.563952128946937 ], [ 8.747268083578403, 45.564019863070605 ], [ 8.749107394211054, 45.564658692124581 ], [ 8.750271433471269, 45.565120285599392 ], [ 8.751346213212937, 45.565491677886897 ], [ 8.751301223626198, 45.565523084468019 ], [ 8.749875173007336, 45.566518559937727 ], [ 8.749508045860614, 45.566774796169788 ], [ 8.746399257734424, 45.568996007867646 ], [ 8.743221793349688, 45.571265966944175 ], [ 8.742979232628368, 45.571439239345651 ], [ 8.742663051164497, 45.571665100408794 ], [ 8.742913658852515, 45.571694540855496 ], [ 8.747740684070823, 45.572261501320902 ], [ 8.749545827046692, 45.572688514073199 ], [ 8.750889847182506, 45.573069496641573 ], [ 8.752516349553536, 45.5733340561181 ], [ 8.753826184957504, 45.57356344555248 ], [ 8.754180992710927, 45.573625520946322 ], [ 8.755116079389826, 45.573744529943426 ], [ 8.756333485779299, 45.57377413891799 ], [ 8.756202658155987, 45.574394936464195 ], [ 8.756792074042322, 45.574423183297945 ], [ 8.759533205579304, 45.574798013612373 ], [ 8.760953155431039, 45.57543106684048 ], [ 8.761624803598373, 45.575620093838538 ], [ 8.762654903723069, 45.575910001199006 ], [ 8.762822381459902, 45.575957181328789 ], [ 8.76460206295749, 45.576401914035756 ], [ 8.765677863925655, 45.576602142729882 ], [ 8.766434157771405, 45.576576686684227 ], [ 8.76664951526787, 45.57718918864105 ], [ 8.765598483932147, 45.577196050493647 ], [ 8.76569730735207, 45.578087332028858 ], [ 8.767094432034055, 45.578081192505202 ], [ 8.767588222404695, 45.579858645118101 ], [ 8.768407994663342, 45.582809367941863 ], [ 8.768453358569872, 45.58288596124811 ], [ 8.76915190187302, 45.584070999029251 ], [ 8.769244168921084, 45.585214310135441 ], [ 8.769537147928006, 45.585664946256998 ], [ 8.769317303077193, 45.586132558189576 ], [ 8.769200212407151, 45.586555361504537 ], [ 8.769465178514077, 45.587590997032315 ], [ 8.770439774838946, 45.587511961447078 ], [ 8.770925344505516, 45.587899974586712 ], [ 8.77424725164229, 45.587492543391321 ], [ 8.776377160371304, 45.587216468481998 ], [ 8.777120256898186, 45.587120114033965 ], [ 8.777789573095186, 45.587039145184939 ], [ 8.778878929903003, 45.586907498707127 ], [ 8.781346563735257, 45.586610676260605 ], [ 8.782250331238329, 45.586499877411896 ], [ 8.782275734384751, 45.586567441430752 ], [ 8.782669135071931, 45.587616867227659 ], [ 8.78274345689729, 45.588292076223368 ], [ 8.782757739699859, 45.588621000712614 ], [ 8.782766992612116, 45.58883215198243 ], [ 8.783094503651341, 45.589357643974679 ], [ 8.783289212664954, 45.589670096011901 ], [ 8.783784247327906, 45.590958161759019 ], [ 8.784075357478473, 45.591785141171556 ], [ 8.784278886890517, 45.592363272306457 ], [ 8.784708049420599, 45.594128259610237 ], [ 8.785215556885182, 45.595524366077967 ], [ 8.785531800031302, 45.596650070721537 ], [ 8.785643161431043, 45.597008002226048 ], [ 8.78579795300897, 45.597505794001194 ], [ 8.785974858434624, 45.598190189401357 ], [ 8.785268373500658, 45.598521908035167 ], [ 8.785484566557663, 45.598990349891615 ], [ 8.786253002870351, 45.599225826539723 ], [ 8.786288090382866, 45.600116967518247 ], [ 8.786274420271971, 45.600294637457722 ], [ 8.786219595393501, 45.601004963135239 ], [ 8.786144262363241, 45.601496370872653 ], [ 8.78613357494277, 45.601562764568335 ], [ 8.786114552418629, 45.601679846955228 ], [ 8.786089153432288, 45.60184473508064 ], [ 8.786151033930258, 45.602420880946973 ], [ 8.788261468699792, 45.601456886745098 ], [ 8.788595055559133, 45.601303509543605 ], [ 8.78871988224229, 45.601246442955905 ], [ 8.789142728624755, 45.601181847412882 ], [ 8.791106286097833, 45.600881809515542 ], [ 8.793094676597569, 45.600633400739163 ], [ 8.794980141706583, 45.600483779831009 ], [ 8.794998257417676, 45.600578132686152 ], [ 8.795008055322302, 45.60063089779679 ], [ 8.795030915685048, 45.60075407218666 ], [ 8.795432813672869, 45.602941844220489 ], [ 8.795524505824211, 45.602912024331225 ], [ 8.797165947018117, 45.602377886690675 ], [ 8.798308110144754, 45.602118866233987 ], [ 8.798585809668317, 45.602114858392561 ], [ 8.799231439387718, 45.60211155558833 ], [ 8.800873916439226, 45.601799441194252 ], [ 8.802720743659716, 45.601694641785379 ], [ 8.803089590251165, 45.601691785769432 ], [ 8.804547083309792, 45.601670017567422 ], [ 8.804644188147321, 45.601679906517312 ], [ 8.805823750136678, 45.601717918745621 ], [ 8.806334813311265, 45.601680019969052 ], [ 8.806391919210721, 45.601672700859943 ], [ 8.806588791218731, 45.60107495367285 ], [ 8.806953753421821, 45.601092659337233 ], [ 8.807027753595754, 45.600802247228529 ], [ 8.807505271465864, 45.599429039122775 ], [ 8.807547771400959, 45.599306638901595 ], [ 8.807558189240517, 45.599276705692063 ], [ 8.807568276866609, 45.599247718828295 ], [ 8.807531942484232, 45.599229331624159 ], [ 8.807398222752061, 45.599161973350775 ], [ 8.80834988994701, 45.598394457183772 ], [ 8.80856889202364, 45.598394824376335 ], [ 8.808589675892474, 45.599096076077643 ], [ 8.808590613074907, 45.599129674705082 ], [ 8.808931086296019, 45.59911092586205 ], [ 8.811000204883777, 45.598996962610876 ], [ 8.811387917614164, 45.598917269646165 ], [ 8.811534216311898, 45.598890778184654 ], [ 8.811576501089736, 45.59888317009991 ], [ 8.811653468698589, 45.598867466098632 ], [ 8.812018967809736, 45.598793915337858 ], [ 8.812056240358647, 45.598836977946803 ], [ 8.812160340322944, 45.598956663275843 ], [ 8.812410940441001, 45.599255808571407 ], [ 8.813385238021926, 45.598983937416264 ], [ 8.813332999853923, 45.598836388114506 ], [ 8.813287795411439, 45.598707626326252 ], [ 8.813272283067926, 45.59866359697881 ], [ 8.813023604525746, 45.597957867061908 ], [ 8.815677149765806, 45.597620359841528 ], [ 8.815536078337221, 45.596116093035995 ], [ 8.814553492675346, 45.596162585469457 ], [ 8.814372532110278, 45.59617340418454 ], [ 8.814287399300955, 45.596177371169141 ], [ 8.81317541128305, 45.59623194742128 ], [ 8.813323163843158, 45.595702361293952 ], [ 8.811206511540798, 45.595596335558469 ], [ 8.811096736687901, 45.593919999356238 ], [ 8.811054880299684, 45.59328066733211 ], [ 8.811203118757303, 45.593211627301727 ], [ 8.811332654955731, 45.593151418566549 ], [ 8.811937481136544, 45.591886782116831 ], [ 8.811449789252455, 45.590882785264924 ], [ 8.811386844442101, 45.590750192142806 ], [ 8.811489261381654, 45.590758070542591 ], [ 8.811653616273226, 45.590771199553146 ], [ 8.81191424162955, 45.590792005399805 ], [ 8.812633830144419, 45.590849353181319 ], [ 8.812137014186057, 45.589225598613723 ], [ 8.81270337563131, 45.589193371614563 ], [ 8.813240094601088, 45.589162934054485 ], [ 8.815131940763283, 45.589847494557027 ], [ 8.815134284486529, 45.589133553832667 ], [ 8.815092898306567, 45.587673152552675 ], [ 8.813667196918127, 45.587514202435649 ], [ 8.813615041726361, 45.587508394519361 ], [ 8.813706899302401, 45.586407320735198 ], [ 8.814458548733681, 45.586342457769156 ], [ 8.814560193805319, 45.586329388642056 ], [ 8.814514392363472, 45.586524970817187 ], [ 8.817313367118862, 45.586703074430076 ], [ 8.817790400261789, 45.585058175248371 ], [ 8.817868801978383, 45.585058392982546 ], [ 8.820321210635017, 45.585117781245863 ], [ 8.820289945277839, 45.585018060371723 ], [ 8.820407711285785, 45.584262159555905 ], [ 8.820454431372372, 45.584059717620718 ], [ 8.820692812571826, 45.583290513383055 ], [ 8.819949494366206, 45.583244327530771 ], [ 8.82024623406368, 45.582490648303498 ], [ 8.820796493263066, 45.580899664886829 ], [ 8.824166617754406, 45.581456529534869 ], [ 8.824489706965096, 45.581554437976635 ], [ 8.825274662311218, 45.581653009651106 ], [ 8.827444340190659, 45.58207818653905 ], [ 8.828335173202657, 45.582438087349935 ], [ 8.829180480892626, 45.582673372513526 ], [ 8.830346526263025, 45.582810120728979 ], [ 8.831781819298541, 45.582938257325573 ], [ 8.832909737541948, 45.582966918361898 ], [ 8.833614391262879, 45.583093960921921 ], [ 8.833960286338218, 45.583157471222727 ], [ 8.834219950920991, 45.582041729937202 ], [ 8.834661276675064, 45.580170183264073 ], [ 8.834660621206002, 45.580143268396832 ], [ 8.834662373166028, 45.580038103136012 ], [ 8.834664218166804, 45.579807775363761 ], [ 8.834668527404405, 45.579292461148974 ], [ 8.834680640649482, 45.57789284561683 ], [ 8.834682436754729, 45.577280767590928 ], [ 8.834743421354336, 45.577099391781061 ], [ 8.835118006807697, 45.575985269821274 ], [ 8.83539344676953, 45.575165452088065 ], [ 8.835641512152513, 45.574427108316094 ], [ 8.835897827163429, 45.573664186775176 ], [ 8.835899819425762, 45.572980123794132 ], [ 8.835961670383687, 45.572437883991114 ], [ 8.836026375313443, 45.571870620856288 ], [ 8.836175965043404, 45.570559226113083 ], [ 8.836234630837716, 45.570410427878336 ], [ 8.837002218718938, 45.568463178800059 ], [ 8.837808245512978, 45.568932384868376 ], [ 8.838779924430661, 45.569725848855931 ], [ 8.839994684927252, 45.570681661839068 ], [ 8.841492468523098, 45.571268807444092 ], [ 8.842978928539472, 45.571333867452587 ], [ 8.844338396084611, 45.570966698612906 ], [ 8.845761473967894, 45.570779607360905 ], [ 8.847619622369761, 45.570818101553179 ], [ 8.848170573987932, 45.570872847584333 ], [ 8.848800694946421, 45.5700635847992 ], [ 8.851053589844389, 45.571065665356151 ], [ 8.850757121254084, 45.571704327673281 ], [ 8.852332513435497, 45.572075422277159 ], [ 8.852126406203915, 45.572471191628622 ], [ 8.85272840381973, 45.572615993739745 ], [ 8.852857341404125, 45.572310118857061 ], [ 8.854125057443524, 45.572725789888729 ], [ 8.853880229944128, 45.573238531574212 ], [ 8.853021822847149, 45.573129425322385 ], [ 8.852184787961651, 45.574649495978768 ], [ 8.853324660600739, 45.57495700611809 ], [ 8.853607275995076, 45.57470534013563 ], [ 8.85470860951915, 45.575048787538073 ], [ 8.854387335132435, 45.575381406211335 ], [ 8.855335011430748, 45.575679655489388 ], [ 8.855617736851029, 45.575382967919012 ], [ 8.856373564784722, 45.575527945064799 ], [ 8.857710429173528, 45.573972447340353 ], [ 8.858137315009515, 45.574156095886352 ], [ 8.859976502438434, 45.574947332180407 ], [ 8.85971850272241, 45.575613089112814 ], [ 8.860896912907441, 45.575911575341713 ], [ 8.861939028782986, 45.574301656543305 ], [ 8.863002171852301, 45.574554965869133 ], [ 8.863451201318659, 45.574763306383012 ], [ 8.865976320626116, 45.575935622478212 ], [ 8.866305220024371, 45.57608905484345 ], [ 8.867816083753244, 45.57673887624636 ], [ 8.868904252733431, 45.577289185749997 ], [ 8.869723696278959, 45.577659170136037 ], [ 8.870365589367031, 45.57720985416951 ], [ 8.871146769692636, 45.577498767704242 ], [ 8.870876245512134, 45.578092514703705 ], [ 8.872260102917883, 45.578283092668535 ], [ 8.872951991214869, 45.578391887186221 ], [ 8.873233583107361, 45.578563212033529 ], [ 8.873053367191272, 45.578905053047286 ], [ 8.871938136029849, 45.578957800867556 ], [ 8.87173216035964, 45.579344608745799 ], [ 8.872832783590772, 45.580092929365904 ], [ 8.873587910021792, 45.580597825762787 ], [ 8.873920723913626, 45.580796210343543 ], [ 8.873637280138338, 45.581443960721295 ], [ 8.873584637723473, 45.582055963735016 ], [ 8.873134456326424, 45.582739528509485 ], [ 8.872748838853324, 45.583216151068854 ], [ 8.872337688329509, 45.583638751235618 ], [ 8.872082310518307, 45.584074998925232 ], [ 8.871989161515742, 45.584700467861609 ], [ 8.872949474225361, 45.585187587703601 ], [ 8.871818513502776, 45.586455462641901 ], [ 8.869633054947837, 45.589126255996355 ], [ 8.868720266600615, 45.590232331179052 ], [ 8.868527235023944, 45.590547144847584 ], [ 8.868385143374791, 45.591006021946377 ], [ 8.867960689437895, 45.59159958318952 ], [ 8.867824924943772, 45.592015405181293 ], [ 8.869317575704406, 45.592483190105085 ], [ 8.870687659784506, 45.593231819582279 ], [ 8.872327635284856, 45.593710714747942 ], [ 8.873352663872632, 45.593990889025989 ], [ 8.87382662969512, 45.594180434220483 ], [ 8.872911870728672, 45.596159625342423 ], [ 8.872987399806929, 45.596771769014559 ], [ 8.872614335883322, 45.597320406361661 ], [ 8.874715207236967, 45.598168826429443 ], [ 8.875970256317451, 45.598854258722632 ], [ 8.876277694617364, 45.598989601386826 ], [ 8.877203724389268, 45.597685463766666 ], [ 8.877639440758335, 45.597793953866464 ], [ 8.878396689547698, 45.597434711472758 ], [ 8.879869543376181, 45.598201349579085 ], [ 8.880830352816787, 45.598607403609044 ], [ 8.881227530597165, 45.59874282743494 ], [ 8.884097863870329, 45.599618877772414 ], [ 8.884298079863395, 45.599691082252576 ], [ 8.885442882524748, 45.60010006128217 ], [ 8.885597064363697, 45.600155141553721 ], [ 8.885763568958456, 45.600214615615521 ], [ 8.886005534272453, 45.600317128222514 ], [ 8.887403444317879, 45.60090931979321 ], [ 8.888479824660669, 45.601261411885432 ], [ 8.889594713713118, 45.601613530136099 ], [ 8.890629658977762, 45.601999675569651 ], [ 8.890933640660775, 45.602118160685741 ], [ 8.891068222006915, 45.602163973538417 ], [ 8.891779799442176, 45.602421175798419 ], [ 8.891894911700399, 45.602463024103017 ], [ 8.891985917505032, 45.602496538902074 ], [ 8.892071637516366, 45.602527514860689 ], [ 8.892219851569326, 45.602572687561526 ], [ 8.892282782968785, 45.602592833489879 ], [ 8.893387638997927, 45.602949207644869 ], [ 8.894534206979907, 45.603394783141233 ], [ 8.8946962376749, 45.603457505571448 ], [ 8.894736043765654, 45.603477240884551 ], [ 8.894775179876367, 45.603491142936633 ], [ 8.895027792825596, 45.603589794664835 ], [ 8.896191939113512, 45.603995905764371 ], [ 8.896680911502594, 45.604167360291967 ], [ 8.897644319917132, 45.604506555130932 ], [ 8.898013728083807, 45.604645707479548 ], [ 8.898062999427493, 45.604657920767103 ], [ 8.898151892521909, 45.604691549368837 ], [ 8.898848908907199, 45.604994468929767 ], [ 8.898931252569341, 45.605021756241314 ], [ 8.898974552702889, 45.605035287894637 ], [ 8.899025816890335, 45.605052062419652 ], [ 8.899073677164788, 45.605067722294699 ], [ 8.899194182278235, 45.605128206296399 ], [ 8.899739460484314, 45.605356486283696 ], [ 8.901315691559915, 45.606062927132385 ], [ 8.902149968168946, 45.606386937922167 ], [ 8.902969797280083, 45.606746290629445 ], [ 8.903609775092379, 45.607070127325983 ], [ 8.903832604689971, 45.60723196077538 ], [ 8.904556217590613, 45.607534080178127 ], [ 8.904681278650095, 45.607586295684641 ], [ 8.904932903634714, 45.607748151895443 ], [ 8.905278815597496, 45.607480711806744 ], [ 8.905694780911285, 45.607208651606491 ], [ 8.9058469946382, 45.607138270787942 ], [ 8.905898894890788, 45.607109100914158 ], [ 8.905953688551277, 45.607078948692894 ], [ 8.906031892390772, 45.607036523983702 ], [ 8.90607046747116, 45.607037047159793 ], [ 8.906156239691486, 45.60700628303924 ], [ 8.906560100590553, 45.60679513636704 ], [ 8.907461692454659, 45.606363837316792 ], [ 8.908111681557507, 45.605997302510069 ], [ 8.908912110026613, 45.605545912185832 ], [ 8.909643529666788, 45.605249469152497 ], [ 8.910399413941239, 45.605682098416288 ], [ 8.910506525245152, 45.6057458606277 ], [ 8.91089906420909, 45.605979532866499 ], [ 8.911309151505511, 45.60615086316708 ], [ 8.911432030387799, 45.606235794420414 ], [ 8.911476097785229, 45.606266252747446 ], [ 8.911521529489427, 45.606297653615172 ], [ 8.911564686195266, 45.606327482934816 ], [ 8.912103388125855, 45.606700535129299 ], [ 8.912692405572205, 45.607268049495438 ], [ 8.91289718642394, 45.607520233760454 ], [ 8.914026436605791, 45.607044039775083 ], [ 8.914683390846307, 45.607755599593766 ], [ 8.91483303334325, 45.607917728625011 ], [ 8.9154877839776, 45.607432169934853 ], [ 8.915770055995582, 45.60733337047899 ], [ 8.916682652530792, 45.60837239013803 ], [ 8.916692109197529, 45.608399242410663 ], [ 8.916699673132273, 45.60842687188569 ], [ 8.916707179453541, 45.608460506761404 ], [ 8.91672333746169, 45.608516427129935 ], [ 8.916870323994303, 45.609089357310999 ], [ 8.916112722021873, 45.609745859389314 ], [ 8.915278090488901, 45.610438318414538 ], [ 8.915046964349093, 45.610609157833089 ], [ 8.91534154063455, 45.610879414328821 ], [ 8.916404505430192, 45.611879291911094 ], [ 8.917841985515539, 45.611151258830461 ], [ 8.918379993711774, 45.611592691500945 ], [ 8.919432064262905, 45.611296394949932 ], [ 8.919793874871509, 45.611662961588422 ], [ 8.920440810966298, 45.612318387612646 ], [ 8.920507800016884, 45.612386256464092 ], [ 8.922419716170479, 45.611685518569431 ], [ 8.922805863624458, 45.612263623689422 ], [ 8.922942702601352, 45.612468489666362 ], [ 8.922972180074828, 45.612512606137997 ], [ 8.923520442724906, 45.613333432436939 ], [ 8.923071231785253, 45.613585158501948 ], [ 8.922801216935044, 45.614080016319299 ], [ 8.922916225171758, 45.614377136296852 ], [ 8.92366041975723, 45.614143600383976 ], [ 8.924248942192374, 45.61522410305782 ], [ 8.923350186198226, 45.615934569855646 ], [ 8.92404173360519, 45.616728845489277 ], [ 8.924305386033835, 45.617031861977878 ], [ 8.924643627273515, 45.617420604410199 ], [ 8.925553413876724, 45.618087251363498 ], [ 8.925924984547645, 45.618384535005454 ], [ 8.925897876573597, 45.619500628626163 ], [ 8.926705426883322, 45.619897182224683 ], [ 8.926796409751642, 45.619928743871938 ], [ 8.928628631614822, 45.620564468085909 ], [ 8.928834045444937, 45.620645190692514 ], [ 8.929047106186276, 45.620728916792984 ], [ 8.929299142404039, 45.620827330961212 ], [ 8.929409507328607, 45.620871319318475 ], [ 8.929829310881892, 45.621036276326009 ], [ 8.929927119297721, 45.621074696585097 ], [ 8.930372257667907, 45.621249611371233 ], [ 8.93121051914893, 45.621519474237367 ], [ 8.932193011337496, 45.621835757992393 ], [ 8.93349013521075, 45.622386409704376 ], [ 8.933654577911492, 45.622466683913572 ], [ 8.934372333049755, 45.622971152120229 ], [ 8.934693292157993, 45.622737318773247 ], [ 8.936688655550142, 45.623521495959594 ], [ 8.935100006786655, 45.625617810612297 ], [ 8.9350491495734, 45.625590776198131 ], [ 8.934087404639328, 45.625257182582075 ], [ 8.933085432269534, 45.626417724524487 ], [ 8.933012073915734, 45.626422180200812 ], [ 8.932900717183667, 45.62642813647664 ], [ 8.932426451502625, 45.626461700454499 ], [ 8.931256900546224, 45.628534490254523 ], [ 8.931222672307459, 45.628594821804732 ], [ 8.930440184541759, 45.628540337950177 ], [ 8.930461053889173, 45.630119987967376 ], [ 8.93046363356833, 45.630322535659097 ], [ 8.930296862987401, 45.63099073500819 ], [ 8.930115516946122, 45.631717439249314 ], [ 8.930049367233849, 45.632171236305851 ], [ 8.92981789135303, 45.633760471443836 ], [ 8.92959871495588, 45.634606427894603 ], [ 8.928994690601673, 45.635407128945253 ], [ 8.930712816989569, 45.636344268848219 ], [ 8.932328573740152, 45.637083306452851 ], [ 8.933739346386742, 45.637606175873707 ], [ 8.933289554289198, 45.638199979170736 ], [ 8.935995711099054, 45.639263623745826 ], [ 8.936983317337448, 45.639606211152305 ], [ 8.936712366093177, 45.640929179502962 ], [ 8.93648085344595, 45.641451133636714 ], [ 8.93804573293974, 45.642019060310183 ], [ 8.939674726971854, 45.642613995793631 ], [ 8.93987020039982, 45.642649844158065 ], [ 8.939969723776585, 45.642668056732688 ], [ 8.940586581158714, 45.641786306152667 ], [ 8.940831019356965, 45.641201365641734 ], [ 8.940928664225277, 45.641095260311289 ], [ 8.941319222260999, 45.640670632903408 ], [ 8.942076779401376, 45.640202968403678 ], [ 8.944283072443961, 45.640924142387107 ] ] ] ] } }
]
}
